English_City,Arabic_City,Date,Number of Transactions,Value of Transactions
HAIL,حائل,"17 Jan,21  -  23 Jan,21",1236,115711
ABHA,أبها,"17 Jan,21  -  23 Jan,21",1019,91594
MAKKAH,مكة المكرمة,"17 Jan,21  -  23 Jan,21",2834,227878
BURAIDAH,بريدة,"17 Jan,21  -  23 Jan,21",2019,195754
KHOBAR,الخبر,"17 Jan,21  -  23 Jan,21",2121,284218
MADINA,المنورة,"17 Jan,21  -  23 Jan,21",3238,276959
DAMMAM,الدمام,"17 Jan,21  -  23 Jan,21",3750,439707
JEDDAH,جدة,"17 Jan,21  -  23 Jan,21",10810,1281156
RIYADH,الرياض,"17 Jan,21  -  23 Jan,21",21106,2475003
OTHER,المدن الأخرى,"17 Jan,21  -  23 Jan,21",22974,2002421
HAIL,حائل,06 Dec - 12 Dec,1353,129532
ABHA,أبها,06 Dec - 12 Dec,1124,103142
MAKKAH,مكة المكرمة,06 Dec - 12 Dec,2841,236130
BURAIDAH,بريدة,06 Dec - 12 Dec,2198,213024
KHOBAR,الخبر,06 Dec - 12 Dec,2260,299274
MADINA,المنورة,06 Dec - 12 Dec,3393,285024
DAMMAM,الدمام,06 Dec - 12 Dec,4048,462727
JEDDAH,جدة,06 Dec - 12 Dec,10938,1299914
RIYADH,الرياض,06 Dec - 12 Dec,22399,2611556
OTHER,المدن الأخرى,06 Dec - 12 Dec,24316,2199992
HAIL,حائل,"28 Mar,21  -  03 Apr,21",1934,201039
ABHA,أبها,"28 Mar,21  -  03 Apr,21",1567,160429
MAKKAH,مكة المكرمة,"28 Mar,21  -  03 Apr,21",4012,377813
BURAIDAH,بريدة,"28 Mar,21  -  03 Apr,21",2775,287580
KHOBAR,الخبر,"28 Mar,21  -  03 Apr,21",2742,393912
MADINA,المنورة,"28 Mar,21  -  03 Apr,21",4589,427326
DAMMAM,الدمام,"28 Mar,21  -  03 Apr,21",5066,613007
JEDDAH,جدة,"28 Mar,21  -  03 Apr,21",14667,1858848
RIYADH,الرياض,"28 Mar,21  -  03 Apr,21",28548,3459379
OTHER,المدن الأخرى,"28 Mar,21  -  03 Apr,21",33500,3377810
HAIL,حائل,"04 Jul,21  -  10 Jul,21",1939,154118
ABHA,أبها,"04 Jul,21  -  10 Jul,21",2262,186969
MAKKAH,مكة المكرمة,"04 Jul,21  -  10 Jul,21",4056,274617
BURAIDAH,بريدة,"04 Jul,21  -  10 Jul,21",2726,229749
KHOBAR,الخبر,"04 Jul,21  -  10 Jul,21",2625,317874
MADINA,المنورة,"04 Jul,21  -  10 Jul,21",4581,332526
DAMMAM,الدمام,"04 Jul,21  -  10 Jul,21",4754,487069
JEDDAH,جدة,"04 Jul,21  -  10 Jul,21",14954,1527437
RIYADH,الرياض,"04 Jul,21  -  10 Jul,21",28353,2900510
OTHER,المدن الأخرى,"04 Jul,21  -  10 Jul,21",36056,2778601
HAIL,حائل,"07 Feb,21  -  13 Feb,21",1429,128446
ABHA,أبها,"07 Feb,21  -  13 Feb,21",1108,94614
MAKKAH,مكة المكرمة,"07 Feb,21  -  13 Feb,21",3218,249105
BURAIDAH,بريدة,"07 Feb,21  -  13 Feb,21",2204,199716
KHOBAR,الخبر,"07 Feb,21  -  13 Feb,21",2045,258422
MADINA,المنورة,"07 Feb,21  -  13 Feb,21",3622,280975
DAMMAM,الدمام,"07 Feb,21  -  13 Feb,21",4034,433827
JEDDAH,جدة,"07 Feb,21  -  13 Feb,21",11172,1244339
RIYADH,الرياض,"07 Feb,21  -  13 Feb,21",22039,2417377
OTHER,المدن الأخرى,"07 Feb,21  -  13 Feb,21",26148,2191065
HAIL,حائل,"15 Aug,21  -  21 Aug,21",1718,123519
ABHA,أبها,"15 Aug,21  -  21 Aug,21",1989,153471
MAKKAH,مكة المكرمة,"15 Aug,21  -  21 Aug,21",3941,265324
BURAIDAH,بريدة,"15 Aug,21  -  21 Aug,21",2517,199705
KHOBAR,الخبر,"15 Aug,21  -  21 Aug,21",2397,272286
MADINA,المنورة,"15 Aug,21  -  21 Aug,21",4328,285058
DAMMAM,الدمام,"15 Aug,21  -  21 Aug,21",4354,408383
JEDDAH,جدة,"15 Aug,21  -  21 Aug,21",13801,1314380
RIYADH,الرياض,"15 Aug,21  -  21 Aug,21",26474,2516385
OTHER,المدن الأخرى,"15 Aug,21  -  21 Aug,21",33381,2325122
HAIL,حائل,"01 Aug,21  -  07 Aug,21",1945,144606
ABHA,أبها,"01 Aug,21  -  07 Aug,21",2453,200696
MAKKAH,مكة المكرمة,"01 Aug,21  -  07 Aug,21",4138,281078
BURAIDAH,بريدة,"01 Aug,21  -  07 Aug,21",2707,219387
KHOBAR,الخبر,"01 Aug,21  -  07 Aug,21",2568,294511
MADINA,المنورة,"01 Aug,21  -  07 Aug,21",4662,325943
DAMMAM,الدمام,"01 Aug,21  -  07 Aug,21",4633,457846
JEDDAH,جدة,"01 Aug,21  -  07 Aug,21",14805,1452643
RIYADH,الرياض,"01 Aug,21  -  07 Aug,21",27873,2688947
OTHER,المدن الأخرى,"01 Aug,21  -  07 Aug,21",37753,2798162
TABOUK,تبوك,09 - 15 Aug,1179,108544
HAIL,حائل,09 - 15 Aug,1098,107744
ABHA,أبها,09 - 15 Aug,1393,143986
MAKKAH,مكة المكرمة,09 - 15 Aug,2005,184146
BURAIDAH,بريدة,09 - 15 Aug,1855,181764
KHOBAR,الخبر,09 - 15 Aug,1808,252243
MADINA,المنورة,09 - 15 Aug,2681,240098
DAMMAM,الدمام,09 - 15 Aug,3077,366419
JEDDAH,جدة,09 - 15 Aug,8404,1126343
RIYADH,الرياض,09 - 15 Aug,17571,2090226
OTHER,المدن الأخرى,09 - 15 Aug,19986,1936657
HAIL,حائل,01 Nov - 07 Nov,1352,129315
ABHA,أبها,01 Nov - 07 Nov,1164,114849
MAKKAH,مكة المكرمة,01 Nov - 07 Nov,2655,233870
BURAIDAH,بريدة,01 Nov - 07 Nov,2173,209890
KHOBAR,الخبر,01 Nov - 07 Nov,2282,319349
MADINA,المنورة,01 Nov - 07 Nov,3317,285334
DAMMAM,الدمام,01 Nov - 07 Nov,4026,473144
JEDDAH,جدة,01 Nov - 07 Nov,10566,1310023
RIYADH,الرياض,01 Nov - 07 Nov,22184,2604009
OTHER,المدن الأخرى,01 Nov - 07 Nov,23598,2253549
HAIL,حائل,"19 Sep,21  -  25 Sep,21",1927,139858
ABHA,أبها,"19 Sep,21  -  25 Sep,21",1770,129860
MAKKAH,مكة المكرمة,"19 Sep,21  -  25 Sep,21",4168,294442
BURAIDAH,بريدة,"19 Sep,21  -  25 Sep,21",2748,231291
KHOBAR,الخبر,"19 Sep,21  -  25 Sep,21",2732,315664
MADINA,المنورة,"19 Sep,21  -  25 Sep,21",4624,329130
DAMMAM,الدمام,"19 Sep,21  -  25 Sep,21",4827,470340
JEDDAH,جدة,"19 Sep,21  -  25 Sep,21",14707,1434275
RIYADH,الرياض,"19 Sep,21  -  25 Sep,21",28558,2802167
OTHER,المدن الأخرى,"19 Sep,21  -  25 Sep,21",35381,2552193
HAIL,حائل,25 Oct - 31 Oct,1491,160602
ABHA,أبها,25 Oct - 31 Oct,1218,132275
MAKKAH,مكة المكرمة,25 Oct - 31 Oct,2726,268008
BURAIDAH,بريدة,25 Oct - 31 Oct,2269,238993
KHOBAR,الخبر,25 Oct - 31 Oct,2276,343861
MADINA,المنورة,25 Oct - 31 Oct,3482,332265
DAMMAM,الدمام,25 Oct - 31 Oct,4114,516090
JEDDAH,جدة,25 Oct - 31 Oct,10656,1412709
RIYADH,الرياض,25 Oct - 31 Oct,22748,2907882
OTHER,المدن الأخرى,25 Oct - 31 Oct,25010,2656546
TABOUK,تبوك,09 - 15 Aug,1179,108544
HAIL,حائل,09 - 15 Aug,1098,107744
ABHA,أبها,09 - 15 Aug,1393,143986
MAKKAH,مكة المكرمة,09 - 15 Aug,2005,184146
BURAIDAH,بريدة,09 - 15 Aug,1855,181764
KHOBAR,الخبر,09 - 15 Aug,1808,252243
MADINA,المنورة,09 - 15 Aug,2681,240098
DAMMAM,الدمام,09 - 15 Aug,3077,366419
JEDDAH,جدة,09 - 15 Aug,8404,1126343
RIYADH,الرياض,09 - 15 Aug,17571,2090226
OTHER,المدن الأخرى,09 - 15 Aug,19986,1936657
ABHA,أبها,28 Jun - 4 Jul,1328,177548
HAIL,حائل,28 Jun - 4 Jul,1242,190327
TABOUK,تبوك,28 Jun - 4 Jul,1349,198525
MAKKAH,مكة المكرمة,28 Jun - 4 Jul,1992,290919
BURAIDAH,بريدة,28 Jun - 4 Jul,1995,298067
KHOBAR,الخبر,28 Jun - 4 Jul,1816,370443
MADINA,المنورة,28 Jun - 4 Jul,2702,386607
DAMMAM,الدمام,28 Jun - 4 Jul,3358,601905
JEDDAH,جدة,28 Jun - 4 Jul,8385,1664388
RIYADH,الرياض,28 Jun - 4 Jul,18064,3169136
OTHER,المدن الأخرى,28 Jun - 4 Jul,20581,3119201
HAIL,حائل,"27 Dec,20  -  02 Jan,21",1765,185617
ABHA,أبها,"27 Dec,20  -  02 Jan,21",1249,132797
MAKKAH,مكة المكرمة,"27 Dec,20  -  02 Jan,21",3476,339811
BURAIDAH,بريدة,"27 Dec,20  -  02 Jan,21",2582,279167
KHOBAR,الخبر,"27 Dec,20  -  02 Jan,21",2567,400574
MADINA,المنورة,"27 Dec,20  -  02 Jan,21",4150,405958
DAMMAM,الدمام,"27 Dec,20  -  02 Jan,21",4639,607122
JEDDAH,جدة,"27 Dec,20  -  02 Jan,21",13219,1757351
RIYADH,الرياض,"27 Dec,20  -  02 Jan,21",25968,3389615
OTHER,المدن الأخرى,"27 Dec,20  -  02 Jan,21",29187,3043409
HAIL,حائل,"13 Jun,21  -  19 Jun,21",1711,135462
ABHA,أبها,"13 Jun,21  -  19 Jun,21",2011,163289
MAKKAH,مكة المكرمة,"13 Jun,21  -  19 Jun,21",3659,253226
BURAIDAH,بريدة,"13 Jun,21  -  19 Jun,21",2508,209387
KHOBAR,الخبر,"13 Jun,21  -  19 Jun,21",2401,285693
MADINA,المنورة,"13 Jun,21  -  19 Jun,21",4153,292455
DAMMAM,الدمام,"13 Jun,21  -  19 Jun,21",4405,434830
JEDDAH,جدة,"13 Jun,21  -  19 Jun,21",13445,1355000
RIYADH,الرياض,"13 Jun,21  -  19 Jun,21",26034,2580956
OTHER,المدن الأخرى,"13 Jun,21  -  19 Jun,21",32522,2438297
HAIL,حائل,"23 May,21  -  29 May,21",1842,160677
ABHA,أبها,"23 May,21  -  29 May,21",1824,157942
MAKKAH,مكة المكرمة,"23 May,21  -  29 May,21",3639,280590
BURAIDAH,بريدة,"23 May,21  -  29 May,21",2606,231331
KHOBAR,الخبر,"23 May,21  -  29 May,21",2561,322058
MADINA,المنورة,"23 May,21  -  29 May,21",4337,330116
DAMMAM,الدمام,"23 May,21  -  29 May,21",4538,482968
JEDDAH,جدة,"23 May,21  -  29 May,21",13424,1439234
RIYADH,الرياض,"23 May,21  -  29 May,21",26328,2768077
OTHER,المدن الأخرى,"23 May,21  -  29 May,21",33398,2823418
ABHA,أبها,20 - 26 Sep,1147,117318
BURAIDAH,بريدة,20 - 26 Sep,2013,204547
DAMMAM,الدمام,20 - 26 Sep,3593,433927
HAIL,حائل,20 - 26 Sep,1186,121208
JEDDAH,جدة,20 - 26 Sep,9468,1288085
KHOBAR,الخبر,20 - 26 Sep,2123,312360
MADINA,المنورة,20 - 26 Sep,2961,285117
MAKKAH,مكة المكرمة,20 - 26 Sep,2219,211241
RIYADH,الرياض,20 - 26 Sep,20017,2481447
TABOUK,تبوك,20 - 26 Sep,1351,128695
OTHER,المدن الأخرى,20 - 26 Sep,20926,2093214
HAIL,حائل,20 Dec - 26 Dec,1265,118955
ABHA,أبها,20 Dec - 26 Dec,1064,97868
MAKKAH,مكة المكرمة,20 Dec - 26 Dec,2653,218771
BURAIDAH,بريدة,20 Dec - 26 Dec,2068,200603
KHOBAR,الخبر,20 Dec - 26 Dec,2108,286353
MADINA,المنورة,20 Dec - 26 Dec,3205,266194
DAMMAM,الدمام,20 Dec - 26 Dec,3759,436200
JEDDAH,جدة,20 Dec - 26 Dec,10392,1253200
RIYADH,الرياض,20 Dec - 26 Dec,21351,2513065
OTHER,المدن الأخرى,20 Dec - 26 Dec,22921,2086005
HAIL,حائل,"10 Jan,21  -  16 Jan,21",1470,132196
ABHA,أبها,"10 Jan,21  -  16 Jan,21",1011,88650
MAKKAH,مكة المكرمة,"10 Jan,21  -  16 Jan,21",3246,259699
BURAIDAH,بريدة,"10 Jan,21  -  16 Jan,21",2287,209997
KHOBAR,الخبر,"10 Jan,21  -  16 Jan,21",2375,317989
MADINA,المنورة,"10 Jan,21  -  16 Jan,21",3742,314247
DAMMAM,الدمام,"10 Jan,21  -  16 Jan,21",4079,459739
JEDDAH,جدة,"10 Jan,21  -  16 Jan,21",12354,1437495
RIYADH,الرياض,"10 Jan,21  -  16 Jan,21",22874,2587717
OTHER,المدن الأخرى,"10 Jan,21  -  16 Jan,21",26205,2251615
ABHA,أبها,06 - 12 Sep,1143,114533
BURAIDAH,بريدة,06 - 12 Sep,1979,195339
DAMMAM,الدمام,06 - 12 Sep,3618,415068
HAIL,حائل,06 - 12 Sep,1197,116650
JEDDAH,جدة,06 - 12 Sep,9202,1195168
KHOBAR,الخبر,06 - 12 Sep,2021,275089
MADINA,المنورة,06 - 12 Sep,2975,268323
MAKKAH,مكة المكرمة,06 - 12 Sep,2298,203125
RIYADH,الرياض,06 - 12 Sep,20175,2386541
TABOUK,تبوك,06 - 12 Sep,1415,131585
OTHER,المدن الأخرى,06 - 12 Sep,21329,2030225
HAIL,حائل,"25 Apr,21  -  01 May,21",1796,189689
ABHA,أبها,"25 Apr,21  -  01 May,21",1450,152086
MAKKAH,مكة المكرمة,"25 Apr,21  -  01 May,21",4033,459260
BURAIDAH,بريدة,"25 Apr,21  -  01 May,21",2485,265431
KHOBAR,الخبر,"25 Apr,21  -  01 May,21",2189,330554
MADINA,المنورة,"25 Apr,21  -  01 May,21",4301,427430
DAMMAM,الدمام,"25 Apr,21  -  01 May,21",4429,568069
JEDDAH,جدة,"25 Apr,21  -  01 May,21",13305,1766971
RIYADH,الرياض,"25 Apr,21  -  01 May,21",24663,3169823
OTHER,المدن الأخرى,"25 Apr,21  -  01 May,21",31071,3189342
HAIL,حائل,"29 Aug,21  -  04 Sep,21",2090,162690
ABHA,أبها,"29 Aug,21  -  04 Sep,21",1925,155275
MAKKAH,مكة المكرمة,"29 Aug,21  -  04 Sep,21",4576,331555
BURAIDAH,بريدة,"29 Aug,21  -  04 Sep,21",2900,247538
KHOBAR,الخبر,"29 Aug,21  -  04 Sep,21",2786,343680
MADINA,المنورة,"29 Aug,21  -  04 Sep,21",4946,369231
DAMMAM,الدمام,"29 Aug,21  -  04 Sep,21",5222,548370
JEDDAH,جدة,"29 Aug,21  -  04 Sep,21",15614,1620070
RIYADH,الرياض,"29 Aug,21  -  04 Sep,21",30720,3242158
OTHER,المدن الأخرى,"29 Aug,21  -  04 Sep,21",39062,2979323
HAIL,حائل,18 Oct - 24 Oct,1177,111259
ABHA,أبها,18 Oct - 24 Oct,1028,93686
MAKKAH,مكة المكرمة,18 Oct - 24 Oct,2247,186218
BURAIDAH,بريدة,18 Oct - 24 Oct,1929,181097
KHOBAR,الخبر,18 Oct - 24 Oct,1975,260668
MADINA,المنورة,18 Oct - 24 Oct,2861,235468
DAMMAM,الدمام,18 Oct - 24 Oct,3462,380929
JEDDAH,جدة,18 Oct - 24 Oct,9088,1089728
RIYADH,الرياض,18 Oct - 24 Oct,19566,2196524
OTHER,المدن الأخرى,18 Oct - 24 Oct,20493,1861733
HAIL,حائل,"14 Mar,21  -  20 Mar,21",1599,144263
ABHA,أبها,"14 Mar,21  -  20 Mar,21",1305,111458
MAKKAH,مكة المكرمة,"14 Mar,21  -  20 Mar,21",3385,267621
BURAIDAH,بريدة,"14 Mar,21  -  20 Mar,21",2406,224828
KHOBAR,الخبر,"14 Mar,21  -  20 Mar,21",2388,305270
MADINA,المنورة,"14 Mar,21  -  20 Mar,21",3846,311755
DAMMAM,الدمام,"14 Mar,21  -  20 Mar,21",4318,462503
JEDDAH,جدة,"14 Mar,21  -  20 Mar,21",12341,1394742
RIYADH,الرياض,"14 Mar,21  -  20 Mar,21",24533,2700881
OTHER,المدن الأخرى,"14 Mar,21  -  20 Mar,21",28128,2390765
HAIL,حائل,"11 Apr,21  -  17 Apr,21",1485,138107
ABHA,أبها,"11 Apr,21  -  17 Apr,21",1208,107000
MAKKAH,مكة المكرمة,"11 Apr,21  -  17 Apr,21",3403,297089
BURAIDAH,بريدة,"11 Apr,21  -  17 Apr,21",2256,211830
KHOBAR,الخبر,"11 Apr,21  -  17 Apr,21",2016,258369
MADINA,المنورة,"11 Apr,21  -  17 Apr,21",3697,297906
DAMMAM,الدمام,"11 Apr,21  -  17 Apr,21",4057,456791
JEDDAH,جدة,"11 Apr,21  -  17 Apr,21",11420,1307330
RIYADH,الرياض,"11 Apr,21  -  17 Apr,21",22740,2532052
OTHER,المدن الأخرى,"11 Apr,21  -  17 Apr,21",27620,2444689
HAIL,حائل,"31 Jan,21  -  06 Feb,21",1502,138197
ABHA,أبها,"31 Jan,21  -  06 Feb,21",1195,108752
MAKKAH,مكة المكرمة,"31 Jan,21  -  06 Feb,21",3331,278025
BURAIDAH,بريدة,"31 Jan,21  -  06 Feb,21",2292,215345
KHOBAR,الخبر,"31 Jan,21  -  06 Feb,21",2275,302971
MADINA,المنورة,"31 Jan,21  -  06 Feb,21",3818,319691
DAMMAM,الدمام,"31 Jan,21  -  06 Feb,21",4236,483887
JEDDAH,جدة,"31 Jan,21  -  06 Feb,21",12144,1434289
RIYADH,الرياض,"31 Jan,21  -  06 Feb,21",23710,2725903
OTHER,المدن الأخرى,"31 Jan,21  -  06 Feb,21",26971,2404915
HAIL,حائل,"03 Oct,21  -  09 Oct,21",2109,153335
ABHA,أبها,"03 Oct,21  -  09 Oct,21",1838,132846
MAKKAH,مكة المكرمة,"03 Oct,21  -  09 Oct,21",4569,305412
BURAIDAH,بريدة,"03 Oct,21  -  09 Oct,21",2926,228177
KHOBAR,الخبر,"03 Oct,21  -  09 Oct,21",2811,296849
MADINA,المنورة,"03 Oct,21  -  09 Oct,21",4981,332088
DAMMAM,الدمام,"03 Oct,21  -  09 Oct,21",5219,490390
JEDDAH,جدة,"03 Oct,21  -  09 Oct,21",15742,1427678
RIYADH,الرياض,"03 Oct,21  -  09 Oct,21",31112,2881115
OTHER,المدن الأخرى,"03 Oct,21  -  09 Oct,21",39173,2736624
HAIL,حائل,22 Nov - 28 Nov,1450,154647
ABHA,أبها,22 Nov - 28 Nov,1179,120226
MAKKAH,مكة المكرمة,22 Nov - 28 Nov,2784,258208
BURAIDAH,بريدة,22 Nov - 28 Nov,2182,216823
KHOBAR,الخبر,22 Nov - 28 Nov,2292,329427
MADINA,المنورة,22 Nov - 28 Nov,3397,316801
DAMMAM,الدمام,22 Nov - 28 Nov,4009,485163
JEDDAH,جدة,22 Nov - 28 Nov,10730,1359787
RIYADH,الرياض,22 Nov - 28 Nov,22446,2763045
OTHER,المدن الأخرى,22 Nov - 28 Nov,24489,2472722
HAIL,حائل,"26 Sep,21  -  02 Oct,21",2310,192385
ABHA,أبها,"26 Sep,21  -  02 Oct,21",1972,163430
MAKKAH,مكة المكرمة,"26 Sep,21  -  02 Oct,21",4842,371159
BURAIDAH,بريدة,"26 Sep,21  -  02 Oct,21",3078,274135
KHOBAR,الخبر,"26 Sep,21  -  02 Oct,21",2893,349569
MADINA,المنورة,"26 Sep,21  -  02 Oct,21",5285,406141
DAMMAM,الدمام,"26 Sep,21  -  02 Oct,21",5466,577489
JEDDAH,جدة,"26 Sep,21  -  02 Oct,21",16345,1678117
RIYADH,الرياض,"26 Sep,21  -  02 Oct,21",32064,3367583
OTHER,المدن الأخرى,"26 Sep,21  -  02 Oct,21",42070,3417435
HAIL,حائل,"22 Aug,21  -  28 Aug,21",2096,170800
ABHA,أبها,"22 Aug,21  -  28 Aug,21",2049,174113
MAKKAH,مكة المكرمة,"22 Aug,21  -  28 Aug,21",4473,346496
BURAIDAH,بريدة,"22 Aug,21  -  28 Aug,21",2871,251843
KHOBAR,الخبر,"22 Aug,21  -  28 Aug,21",2692,352381
MADINA,المنورة,"22 Aug,21  -  28 Aug,21",4923,387014
DAMMAM,الدمام,"22 Aug,21  -  28 Aug,21",5062,555802
JEDDAH,جدة,"22 Aug,21  -  28 Aug,21",15282,1648035
RIYADH,الرياض,"22 Aug,21  -  28 Aug,21",29664,3268995
OTHER,المدن الأخرى,"22 Aug,21  -  28 Aug,21",38899,3180118
ABHA,أبها,7 - 13 Jun,910,116432
HAIL,حائل,7 - 13 Jun,946,134782
TABOUK,تبوك,7 - 13 Jun,1083,136970
MAKKAH,مكة المكرمة,7 - 13 Jun,1546,204211
BURAIDAH,بريدة,7 - 13 Jun,1621,229106
KHOBAR,الخبر,7 - 13 Jun,1326,263489
MADINA,المنورة,7 - 13 Jun,2141,273024
DAMMAM,الدمام,7 - 13 Jun,2666,453168
JEDDAH,جدة,7 - 13 Jun,5709,983666
RIYADH,الرياض,7 - 13 Jun,13676,2170406
OTHER,المدن الأخرى,7 - 13 Jun,16585,2330576
ABHA,أبها,13 - 19 Sep,1061,103511
BURAIDAH,بريدة,13 - 19 Sep,1904,181314
DAMMAM,الدمام,13 - 19 Sep,3452,388790
HAIL,حائل,13 - 19 Sep,1132,109089
JEDDAH,جدة,13 - 19 Sep,8903,1131769
KHOBAR,الخبر,13 - 19 Sep,1943,266330
MADINA,المنورة,13 - 19 Sep,2830,245939
MAKKAH,مكة المكرمة,13 - 19 Sep,2200,191645
RIYADH,الرياض,13 - 19 Sep,19461,2261451
TABOUK,تبوك,13 - 19 Sep,1335,119693
OTHER,المدن الأخرى,13 - 19 Sep,20167,1879326
HAIL,حائل,"20 Jun,21  -  26 Jun,21",1707,136240
ABHA,أبها,"20 Jun,21  -  26 Jun,21",2004,163036
MAKKAH,مكة المكرمة,"20 Jun,21  -  26 Jun,21",3583,249186
BURAIDAH,بريدة,"20 Jun,21  -  26 Jun,21",2516,210476
KHOBAR,الخبر,"20 Jun,21  -  26 Jun,21",2425,292242
MADINA,المنورة,"20 Jun,21  -  26 Jun,21",4055,291334
DAMMAM,الدمام,"20 Jun,21  -  26 Jun,21",4390,441126
JEDDAH,جدة,"20 Jun,21  -  26 Jun,21",13254,1356134
RIYADH,الرياض,"20 Jun,21  -  26 Jun,21",25978,2602929
OTHER,المدن الأخرى,"20 Jun,21  -  26 Jun,21",32315,2472952
HAIL,حائل,"14 Feb,21  -  20 Feb,21",1361,123649
ABHA,أبها,"14 Feb,21  -  20 Feb,21",1082,91589
MAKKAH,مكة المكرمة,"14 Feb,21  -  20 Feb,21",3082,234962
BURAIDAH,بريدة,"14 Feb,21  -  20 Feb,21",2125,191101
KHOBAR,الخبر,"14 Feb,21  -  20 Feb,21",2017,248689
MADINA,المنورة,"14 Feb,21  -  20 Feb,21",3432,265966
DAMMAM,الدمام,"14 Feb,21  -  20 Feb,21",3861,408570
JEDDAH,جدة,"14 Feb,21  -  20 Feb,21",10695,1173176
RIYADH,الرياض,"14 Feb,21  -  20 Feb,21",21386,2255027
OTHER,المدن الأخرى,"14 Feb,21  -  20 Feb,21",25023,2071085
HAIL,حائل,"06 Jun,21  -  12 Jun,21",1858,148881
ABHA,أبها,"06 Jun,21  -  12 Jun,21",2039,165556
MAKKAH,مكة المكرمة,"06 Jun,21  -  12 Jun,21",3910,274494
BURAIDAH,بريدة,"06 Jun,21  -  12 Jun,21",2645,222669
KHOBAR,الخبر,"06 Jun,21  -  12 Jun,21",2603,309513
MADINA,المنورة,"06 Jun,21  -  12 Jun,21",4472,319759
DAMMAM,الدمام,"06 Jun,21  -  12 Jun,21",4715,468689
JEDDAH,جدة,"06 Jun,21  -  12 Jun,21",14144,1426372
RIYADH,الرياض,"06 Jun,21  -  12 Jun,21",27311,2732814
OTHER,المدن الأخرى,"06 Jun,21  -  12 Jun,21",34620,2650394
TABOUK,تبوك,12 - 18 Jul,1133,112579
HAIL,حائل,12 - 18 Jul,1056,111577
ABHA,أبها,12 - 18 Jul,1246,134366
BURAIDAH,بريدة,12 - 18 Jul,1786,175800
MAKKAH,مكة المكرمة,12 - 18 Jul,1828,176012
MADINA,المنورة,12 - 18 Jul,2433,232297
KHOBAR,الخبر,12 - 18 Jul,1689,239828
DAMMAM,الدمام,12 - 18 Jul,2976,358949
JEDDAH,جدة,12 - 18 Jul,7811,1079228
OTHER,المدن الأخرى,12 - 18 Jul,18351,1866700
RIYADH,الرياض,12 - 18 Jul,16782,2042373
HAIL,حائل,15 Nov - 21 Nov,1270,121577
ABHA,أبها,15 Nov - 21 Nov,1071,97544
MAKKAH,مكة المكرمة,15 Nov - 21 Nov,2513,207409
BURAIDAH,بريدة,15 Nov - 21 Nov,2032,194127
KHOBAR,الخبر,15 Nov - 21 Nov,2136,288220
MADINA,المنورة,15 Nov - 21 Nov,3092,253642
DAMMAM,الدمام,15 Nov - 21 Nov,3713,414006
JEDDAH,جدة,15 Nov - 21 Nov,9864,1162545
RIYADH,الرياض,15 Nov - 21 Nov,20811,2371005
OTHER,المدن الأخرى,15 Nov - 21 Nov,22117,1988710
HAIL,حائل,"24 Jan,21  -  30 Jan,21",1590,160719
ABHA,أبها,"24 Jan,21  -  30 Jan,21",1227,120454
MAKKAH,مكة المكرمة,"24 Jan,21  -  30 Jan,21",3332,297981
BURAIDAH,بريدة,"24 Jan,21  -  30 Jan,21",2367,238932
KHOBAR,الخبر,"24 Jan,21  -  30 Jan,21",2368,328261
MADINA,المنورة,"24 Jan,21  -  30 Jan,21",3857,351031
DAMMAM,الدمام,"24 Jan,21  -  30 Jan,21",4307,504598
JEDDAH,جدة,"24 Jan,21  -  30 Jan,21",12209,1489774
RIYADH,الرياض,"24 Jan,21  -  30 Jan,21",24228,2930775
OTHER,المدن الأخرى,"24 Jan,21  -  30 Jan,21",27794,2702006
HAIL,حائل,"30 May,21  -  05 Jun,21",1916,159940
ABHA,أبها,"30 May,21  -  05 Jun,21",2024,172205
MAKKAH,مكة المكرمة,"30 May,21  -  05 Jun,21",3932,292105
BURAIDAH,بريدة,"30 May,21  -  05 Jun,21",2718,235880
KHOBAR,الخبر,"30 May,21  -  05 Jun,21",2762,343430
MADINA,المنورة,"30 May,21  -  05 Jun,21",4570,344549
DAMMAM,الدمام,"30 May,21  -  05 Jun,21",4887,510441
JEDDAH,جدة,"30 May,21  -  05 Jun,21",14512,1532398
RIYADH,الرياض,"30 May,21  -  05 Jun,21",28048,2915268
OTHER,المدن الأخرى,"30 May,21  -  05 Jun,21",34901,2823420
HAIL,حائل,08 Nov - 14 Nov,1365,124862
ABHA,أبها,08 Nov - 14 Nov,1121,103186
MAKKAH,مكة المكرمة,08 Nov - 14 Nov,2653,219517
BURAIDAH,بريدة,08 Nov - 14 Nov,2115,197560
KHOBAR,الخبر,08 Nov - 14 Nov,2214,298970
MADINA,المنورة,08 Nov - 14 Nov,3255,266889
DAMMAM,الدمام,08 Nov - 14 Nov,3898,434742
JEDDAH,جدة,08 Nov - 14 Nov,10290,1220976
RIYADH,الرياض,08 Nov - 14 Nov,21594,2438993
OTHER,المدن الأخرى,08 Nov - 14 Nov,23298,2081534
HAIL,حائل,"04 Apr,21  -  10 Apr,21",1716,161952
ABHA,أبها,"04 Apr,21  -  10 Apr,21",1476,139430
MAKKAH,مكة المكرمة,"04 Apr,21  -  10 Apr,21",3782,330513
BURAIDAH,بريدة,"04 Apr,21  -  10 Apr,21",2643,256216
KHOBAR,الخبر,"04 Apr,21  -  10 Apr,21",2667,354150
MADINA,المنورة,"04 Apr,21  -  10 Apr,21",4252,363518
DAMMAM,الدمام,"04 Apr,21  -  10 Apr,21",4864,556563
JEDDAH,جدة,"04 Apr,21  -  10 Apr,21",14058,1695883
RIYADH,الرياض,"04 Apr,21  -  10 Apr,21",27393,3136181
OTHER,المدن الأخرى,"04 Apr,21  -  10 Apr,21",31285,2875626
HAIL,حائل,19 - 25 Jul,1100,119842
ABHA,أبها,19 - 25 Jul,1276,139865
BURAIDAH,بريدة,19 - 25 Jul,1836,188444
MAKKAH,مكة المكرمة,19 - 25 Jul,1810,176522
MADINA,المنورة,19 - 25 Jul,2492,246714
KHOBAR,الخبر,19 - 25 Jul,1671,252587
DAMMAM,الدمام,19 - 25 Jul,2956,368684
JEDDAH,جدة,19 - 25 Jul,7802,1104697
OTHER,المدن الأخرى,19 - 25 Jul,18591,1948698
RIYADH,الرياض,19 - 25 Jul,16853,2142139
HAIL,حائل,"16 May,21  -  22 May,21",1540,119323
ABHA,أبها,"16 May,21  -  22 May,21",1497,114723
MAKKAH,مكة المكرمة,"16 May,21  -  22 May,21",3033,206555
BURAIDAH,بريدة,"16 May,21  -  22 May,21",2347,190317
KHOBAR,الخبر,"16 May,21  -  22 May,21",2318,270560
MADINA,المنورة,"16 May,21  -  22 May,21",3696,254917
DAMMAM,الدمام,"16 May,21  -  22 May,21",3829,373853
JEDDAH,جدة,"16 May,21  -  22 May,21",11618,1147789
RIYADH,الرياض,"16 May,21  -  22 May,21",22007,2109702
OTHER,المدن الأخرى,"16 May,21  -  22 May,21",28750,2149327
ABHA,أبها,31 May - 6 Jun,897,120809
HAIL,حائل,31 May - 6 Jun,986,142696
TABOUK,تبوك,31 May - 6 Jun,1113,149848
MAKKAH,مكة المكرمة,31 May - 6 Jun,1605,226461
BURAIDAH,بريدة,31 May - 6 Jun,1655,240009
KHOBAR,الخبر,31 May - 6 Jun,1376,286346
MADINA,المنورة,31 May - 6 Jun,2184,288587
DAMMAM,الدمام,31 May - 6 Jun,2754,461771
JEDDAH,جدة,31 May - 6 Jun,6598,1172235
RIYADH,الرياض,31 May - 6 Jun,14249,2296891
OTHER,المدن الأخرى,31 May - 6 Jun,16865,2468718
HAIL,حائل,"09 May,21  -  15 May,21",1793,148488
ABHA,أبها,"09 May,21  -  15 May,21",1448,125468
MAKKAH,مكة المكرمة,"09 May,21  -  15 May,21",4059,391185
BURAIDAH,بريدة,"09 May,21  -  15 May,21",2544,213280
KHOBAR,الخبر,"09 May,21  -  15 May,21",2228,297279
MADINA,المنورة,"09 May,21  -  15 May,21",4541,375208
DAMMAM,الدمام,"09 May,21  -  15 May,21",4073,424415
JEDDAH,جدة,"09 May,21  -  15 May,21",12787,1413593
RIYADH,الرياض,"09 May,21  -  15 May,21",22333,2387652
OTHER,المدن الأخرى,"09 May,21  -  15 May,21",33374,2708416
HAIL,حائل,"18 Apr,21  -  24 Apr,21",1310,122359
ABHA,أبها,"18 Apr,21  -  24 Apr,21",1116,96892
MAKKAH,مكة المكرمة,"18 Apr,21  -  24 Apr,21",3057,288730
BURAIDAH,بريدة,"18 Apr,21  -  24 Apr,21",1979,184611
KHOBAR,الخبر,"18 Apr,21  -  24 Apr,21",1828,244967
MADINA,المنورة,"18 Apr,21  -  24 Apr,21",3256,260128
DAMMAM,الدمام,"18 Apr,21  -  24 Apr,21",3588,413321
JEDDAH,جدة,"18 Apr,21  -  24 Apr,21",10409,1215985
RIYADH,الرياض,"18 Apr,21  -  24 Apr,21",20189,2298563
OTHER,المدن الأخرى,"18 Apr,21  -  24 Apr,21",23936,2064499
HAIL,حائل,"25 Jul,21  -  31 Jul,21",2154,174178
ABHA,أبها,"25 Jul,21  -  31 Jul,21",2421,209130
MAKKAH,مكة المكرمة,"25 Jul,21  -  31 Jul,21",4088,301464
BURAIDAH,بريدة,"25 Jul,21  -  31 Jul,21",2847,244250
KHOBAR,الخبر,"25 Jul,21  -  31 Jul,21",2453,298428
MADINA,المنورة,"25 Jul,21  -  31 Jul,21",4835,360753
DAMMAM,الدمام,"25 Jul,21  -  31 Jul,21",4468,468123
JEDDAH,جدة,"25 Jul,21  -  31 Jul,21",14560,1506003
RIYADH,الرياض,"25 Jul,21  -  31 Jul,21",27329,2793053
OTHER,المدن الأخرى,"25 Jul,21  -  31 Jul,21",39431,3178665
ABHA,أبها,04 - 10 Oct,1134,112557
BURAIDAH,بريدة,04 - 10 Oct,2057,196093
DAMMAM,الدمام,04 - 10 Oct,3760,423256
HAIL,حائل,04 - 10 Oct,1248,118234
JEDDAH,جدة,04 - 10 Oct,9790,1219036
KHOBAR,الخبر,04 - 10 Oct,2126,281223
MADINA,المنورة,04 - 10 Oct,3084,262644
MAKKAH,مكة المكرمة,04 - 10 Oct,2383,211633
RIYADH,الرياض,04 - 10 Oct,21007,2412653
TABOUK,تبوك,04 - 10 Oct,1448,127538
OTHER,المدن الأخرى,04 - 10 Oct,21813,2029561
ABHA,أبها,30 Aug - 05 Sep,1241,135391
BURAIDAH,بريدة,30 Aug - 05 Sep,2057,218578
DAMMAM,الدمام,30 Aug - 05 Sep,3723,479555
HAIL,حائل,30 Aug - 05 Sep,1265,134578
JEDDAH,جدة,30 Aug - 05 Sep,9617,1400761
KHOBAR,الخبر,30 Aug - 05 Sep,2102,325048
MADINA,المنورة,30 Aug - 05 Sep,3056,314257
MAKKAH,مكة المكرمة,30 Aug - 05 Sep,2366,238978
RIYADH,الرياض,30 Aug - 05 Sep,20795,2737090
TABOUK,تبوك,30 Aug - 05 Sep,1461,153921
OTHER,المدن الأخرى,30 Aug - 05 Sep,21971,2314677
ABHA,أبها,27 Sep - 03 Oct,1236,139810
BURAIDAH,بريدة,27 Sep - 03 Oct,2220,234596
DAMMAM,الدمام,27 Sep - 03 Oct,4042,508563
HAIL,حائل,27 Sep - 03 Oct,1401,151906
JEDDAH,جدة,27 Sep - 03 Oct,10330,1428476
KHOBAR,الخبر,27 Sep - 03 Oct,2204,334254
MADINA,المنورة,27 Sep - 03 Oct,3381,331473
MAKKAH,مكة المكرمة,27 Sep - 03 Oct,2592,262751
RIYADH,الرياض,27 Sep - 03 Oct,22278,2855006
TABOUK,تبوك,27 Sep - 03 Oct,1685,181001
OTHER,المدن الأخرى,27 Sep - 03 Oct,24059,2601637
ABHA,أبها,23 - 29 Aug,1254,141710
BURAIDAH,بريدة,23 - 29 Aug,1944,209101
DAMMAM,الدمام,23 - 29 Aug,3373,468948
HAIL,حائل,23 - 29 Aug,1198,135962
JEDDAH,جدة,23 - 29 Aug,8945,1394816
KHOBAR,الخبر,23 - 29 Aug,1954,347780
MADINA,المنورة,23 - 29 Aug,2833,308675
MAKKAH,مكة المكرمة,23 - 29 Aug,2181,240004
RIYADH,الرياض,23 - 29 Aug,19524,2816965
TABOUK,تبوك,23 - 29 Aug,1372,159928
OTHER,المدن الأخرى,23 - 29 Aug,20580,2324951
HAIL,حائل,"27 Jun,21  -  03 Jul,21",2188,190614
ABHA,أبها,"27 Jun,21  -  03 Jul,21",2384,211463
MAKKAH,مكة المكرمة,"27 Jun,21  -  03 Jul,21",4326,338786
BURAIDAH,بريدة,"27 Jun,21  -  03 Jul,21",2899,260528
KHOBAR,الخبر,"27 Jun,21  -  03 Jul,21",2741,353087
MADINA,المنورة,"27 Jun,21  -  03 Jul,21",4921,393341
DAMMAM,الدمام,"27 Jun,21  -  03 Jul,21",5074,551251
JEDDAH,جدة,"27 Jun,21  -  03 Jul,21",15609,1699371
RIYADH,الرياض,"27 Jun,21  -  03 Jul,21",29840,3208795
OTHER,المدن الأخرى,"27 Jun,21  -  03 Jul,21",38943,3335339
HAIL,حائل,"18 Jul,21  -  24 Jul,21",1685,110119
ABHA,أبها,"18 Jul,21  -  24 Jul,21",1857,140315
MAKKAH,مكة المكرمة,"18 Jul,21  -  24 Jul,21",3305,182765
BURAIDAH,بريدة,"18 Jul,21  -  24 Jul,21",2428,160822
KHOBAR,الخبر,"18 Jul,21  -  24 Jul,21",2010,208189
MADINA,المنورة,"18 Jul,21  -  24 Jul,21",4015,246107
DAMMAM,الدمام,"18 Jul,21  -  24 Jul,21",3469,285325
JEDDAH,جدة,"18 Jul,21  -  24 Jul,21",11127,898075
RIYADH,الرياض,"18 Jul,21  -  24 Jul,21",20348,1669265
OTHER,المدن الأخرى,"18 Jul,21  -  24 Jul,21",32937,2128412
HAIL,حائل,29 Nov - 05 Dec,1479,150161
ABHA,أبها,29 Nov - 05 Dec,1215,122080
MAKKAH,مكة المكرمة,29 Nov - 05 Dec,2939,269607
BURAIDAH,بريدة,29 Nov - 05 Dec,2327,232111
KHOBAR,الخبر,29 Nov - 05 Dec,2411,341008
MADINA,المنورة,29 Nov - 05 Dec,3557,327289
DAMMAM,الدمام,29 Nov - 05 Dec,4209,499874
JEDDAH,جدة,29 Nov - 05 Dec,11434,1460735
RIYADH,الرياض,29 Nov - 05 Dec,23933,2938474
OTHER,المدن الأخرى,29 Nov - 05 Dec,25636,2497542
TABOUK,تبوك,26 Jul - 1 Aug,1399,153868
HAIL,حائل,26 Jul - 1 Aug,1463,161721
ABHA,أبها,26 Jul - 1 Aug,1509,172128
MAKKAH,مكة المكرمة,26 Jul - 1 Aug,2148,217985
BURAIDAH,بريدة,26 Jul - 1 Aug,2232,224500
KHOBAR,الخبر,26 Jul - 1 Aug,1847,288554
MADINA,المنورة,26 Jul - 1 Aug,3215,329177
DAMMAM,الدمام,26 Jul - 1 Aug,3338,427435
JEDDAH,جدة,26 Jul - 1 Aug,8639,1192135
RIYADH,الرياض,26 Jul - 1 Aug,18265,2343306
OTHER,المدن الأخرى,26 Jul - 1 Aug,24261,2686033
HAIL,حائل,"07 Mar,21  -  13 Mar,21",1660,148016
ABHA,أبها,"07 Mar,21  -  13 Mar,21",1330,115383
MAKKAH,مكة المكرمة,"07 Mar,21  -  13 Mar,21",3557,280736
BURAIDAH,بريدة,"07 Mar,21  -  13 Mar,21",2436,225378
KHOBAR,الخبر,"07 Mar,21  -  13 Mar,21",2365,294320
MADINA,المنورة,"07 Mar,21  -  13 Mar,21",4005,323902
DAMMAM,الدمام,"07 Mar,21  -  13 Mar,21",4348,463639
JEDDAH,جدة,"07 Mar,21  -  13 Mar,21",12716,1424004
RIYADH,الرياض,"07 Mar,21  -  13 Mar,21",24598,2678439
OTHER,المدن الأخرى,"07 Mar,21  -  13 Mar,21",28944,2441557
ABHA,أبها,20 - 27 Jun,1088,144233
HAIL,حائل,20 - 27 Jun,1013,157756
TABOUK,تبوك,20 - 27 Jun,1094,158121
MAKKAH,مكة المكرمة,20 - 27 Jun,1694,242142
BURAIDAH,بريدة,20 - 27 Jun,1769,274524
KHOBAR,الخبر,20 - 27 Jun,1586,330564
MADINA,المنورة,20 - 27 Jun,2289,337558
DAMMAM,الدمام,20 - 27 Jun,2893,546691
JEDDAH,جدة,20 - 27 Jun,7197,1489702
RIYADH,الرياض,20 - 27 Jun,15610,2808244
OTHER,المدن الأخرى,20 - 27 Jun,17553,2701811
HAIL,حائل,"08 Aug,21  -  14 Aug,21",1911,139493
ABHA,أبها,"08 Aug,21  -  14 Aug,21",2291,179111
MAKKAH,مكة المكرمة,"08 Aug,21  -  14 Aug,21",4266,288116
BURAIDAH,بريدة,"08 Aug,21  -  14 Aug,21",2640,214288
KHOBAR,الخبر,"08 Aug,21  -  14 Aug,21",2509,277672
MADINA,المنورة,"08 Aug,21  -  14 Aug,21",4704,322191
DAMMAM,الدمام,"08 Aug,21  -  14 Aug,21",4575,438477
JEDDAH,جدة,"08 Aug,21  -  14 Aug,21",14711,1410212
RIYADH,الرياض,"08 Aug,21  -  14 Aug,21",27699,2627460
OTHER,المدن الأخرى,"08 Aug,21  -  14 Aug,21",37173,2664068
HAIL,حائل,13 Dec - 19 Dec,1292,120772
ABHA,أبها,13 Dec - 19 Dec,1054,96868
MAKKAH,مكة المكرمة,13 Dec - 19 Dec,2726,223543
BURAIDAH,بريدة,13 Dec - 19 Dec,2086,195189
KHOBAR,الخبر,13 Dec - 19 Dec,2135,282125
MADINA,المنورة,13 Dec - 19 Dec,3233,266202
DAMMAM,الدمام,13 Dec - 19 Dec,3812,426371
JEDDAH,جدة,13 Dec - 19 Dec,10522,1230734
RIYADH,الرياض,13 Dec - 19 Dec,21569,2464733
OTHER,المدن الأخرى,13 Dec - 19 Dec,23237,2053773
HAIL,حائل,"28 Feb,21  -  06 Mar,21",1780,178798
ABHA,أبها,"28 Feb,21  -  06 Mar,21",1324,131105
MAKKAH,مكة المكرمة,"28 Feb,21  -  06 Mar,21",3748,334761
BURAIDAH,بريدة,"28 Feb,21  -  06 Mar,21",2541,255300
KHOBAR,الخبر,"28 Feb,21  -  06 Mar,21",2345,315482
MADINA,المنورة,"28 Feb,21  -  06 Mar,21",4188,377521
DAMMAM,الدمام,"28 Feb,21  -  06 Mar,21",4622,543203
JEDDAH,جدة,"28 Feb,21  -  06 Mar,21",12760,1556134
RIYADH,الرياض,"28 Feb,21  -  06 Mar,21",25263,2998935
OTHER,المدن الأخرى,"28 Feb,21  -  06 Mar,21",30651,2991442
HAIL,حائل,"05 Sep,21  -  11 Sep,21",2072,150306
ABHA,أبها,"05 Sep,21  -  11 Sep,21",1856,135983
MAKKAH,مكة المكرمة,"05 Sep,21  -  11 Sep,21",4492,291751
BURAIDAH,بريدة,"05 Sep,21  -  11 Sep,21",2848,228164
KHOBAR,الخبر,"05 Sep,21  -  11 Sep,21",2730,297374
MADINA,المنورة,"05 Sep,21  -  11 Sep,21",4854,327612
DAMMAM,الدمام,"05 Sep,21  -  11 Sep,21",5066,478246
JEDDAH,جدة,"05 Sep,21  -  11 Sep,21",15170,1406790
RIYADH,الرياض,"05 Sep,21  -  11 Sep,21",30070,2849098
OTHER,المدن الأخرى,"05 Sep,21  -  11 Sep,21",38603,2686301
ABHA,أبها,14 - 20 Jun,918,121943
HAIL,حائل,14 - 20 Jun,897,129593
TABOUK,تبوك,14 - 20 Jun,1014,131195
MAKKAH,مكة المكرمة,14 - 20 Jun,1465,187722
BURAIDAH,بريدة,14 - 20 Jun,1557,223173
KHOBAR,الخبر,14 - 20 Jun,1328,264975
MADINA,المنورة,14 - 20 Jun,2045,274319
DAMMAM,الدمام,14 - 20 Jun,2584,458358
JEDDAH,جدة,14 - 20 Jun,5633,1004886
RIYADH,الرياض,14 - 20 Jun,13388,2178505
OTHER,المدن الأخرى,14 - 20 Jun,15876,2286572
HAIL,حائل,11 Oct - 17 Oct,1225,113671
ABHA,أبها,11 Oct - 17 Oct,1094,99616
MAKKAH,مكة المكرمة,11 Oct - 17 Oct,2378,195717
BURAIDAH,بريدة,11 Oct - 17 Oct,2012,186292
KHOBAR,الخبر,11 Oct - 17 Oct,2058,262736
MADINA,المنورة,11 Oct - 17 Oct,3061,248430
DAMMAM,الدمام,11 Oct - 17 Oct,3681,397107
JEDDAH,جدة,11 Oct - 17 Oct,9586,1123834
RIYADH,الرياض,11 Oct - 17 Oct,20395,2256691
OTHER,المدن الأخرى,11 Oct - 17 Oct,21640,1920379
HAIL,حائل,"21 Mar,21  -  27 Mar,21",1556,145770
ABHA,أبها,"21 Mar,21  -  27 Mar,21",1334,118935
MAKKAH,مكة المكرمة,"21 Mar,21  -  27 Mar,21",3330,276614
BURAIDAH,بريدة,"21 Mar,21  -  27 Mar,21",2433,234710
KHOBAR,الخبر,"21 Mar,21  -  27 Mar,21",2427,311294
MADINA,المنورة,"21 Mar,21  -  27 Mar,21",3895,322160
DAMMAM,الدمام,"21 Mar,21  -  27 Mar,21",4377,489749
JEDDAH,جدة,"21 Mar,21  -  27 Mar,21",12305,1438258
RIYADH,الرياض,"21 Mar,21  -  27 Mar,21",24928,2825880
OTHER,المدن الأخرى,"21 Mar,21  -  27 Mar,21",28217,2507583
TABOUK,تبوك,02 - 08 Aug,1023,92867
HAIL,حائل,02 - 08 Aug,1091,101603
ABHA,أبها,02 - 08 Aug,1363,133805
MAKKAH,مكة المكرمة,02 - 08 Aug,1881,169336
BURAIDAH,بريدة,02 - 08 Aug,1842,168020
KHOBAR,الخبر,02 - 08 Aug,1724,232623
MADINA,المنورة,02 - 08 Aug,2606,225467
DAMMAM,الدمام,02 - 08 Aug,2744,309093
JEDDAH,جدة,02 - 08 Aug,7785,995920
RIYADH,الرياض,02 - 08 Aug,15383,1748974
OTHER,المدن الأخرى,02 - 08 Aug,19802,1860455
HAIL,حائل,"03 Jan,21  -  09 Jan,21",1461,135543
ABHA,أبها,"03 Jan,21  -  09 Jan,21",1028,94412
MAKKAH,مكة المكرمة,"03 Jan,21  -  09 Jan,21",3149,267391
BURAIDAH,بريدة,"03 Jan,21  -  09 Jan,21",2323,216659
KHOBAR,الخبر,"03 Jan,21  -  09 Jan,21",2475,342950
MADINA,المنورة,"03 Jan,21  -  09 Jan,21",3740,327961
DAMMAM,الدمام,"03 Jan,21  -  09 Jan,21",4152,475327
JEDDAH,جدة,"03 Jan,21  -  09 Jan,21",12606,1542599
RIYADH,الرياض,"03 Jan,21  -  09 Jan,21",23332,2673901
OTHER,المدن الأخرى,"03 Jan,21  -  09 Jan,21",25832,2311934
HAIL,حائل,"21 Feb,21  -  27 Feb,21",1306,121279
ABHA,أبها,"21 Feb,21  -  27 Feb,21",1093,93918
MAKKAH,مكة المكرمة,"21 Feb,21  -  27 Feb,21",2979,234277
BURAIDAH,بريدة,"21 Feb,21  -  27 Feb,21",2069,189857
KHOBAR,الخبر,"21 Feb,21  -  27 Feb,21",2007,259339
MADINA,المنورة,"21 Feb,21  -  27 Feb,21",3344,265021
DAMMAM,الدمام,"21 Feb,21  -  27 Feb,21",3843,422645
JEDDAH,جدة,"21 Feb,21  -  27 Feb,21",10562,1197955
RIYADH,الرياض,"21 Feb,21  -  27 Feb,21",21279,2328228
OTHER,المدن الأخرى,"21 Feb,21  -  27 Feb,21",24565,2103304
TABOUK,تبوك,5 - 11 Jul,1198,117324
HAIL,حائل,5 - 11 Jul,1117,117522
ABHA,أبها,5 - 11 Jul,1294,136103
BURAIDAH,بريدة,5 - 11 Jul,1850,180724
MAKKAH,مكة المكرمة,5 - 11 Jul,1867,182933
MADINA,المنورة,5 - 11 Jul,2512,237912
KHOBAR,الخبر,5 - 11 Jul,1722,245237
DAMMAM,الدمام,5 - 11 Jul,3094,368907
JEDDAH,جدة,5 - 11 Jul,7961,1091050
OTHER,المدن الأخرى,5 - 11 Jul,19234,1959655
RIYADH,الرياض,5 - 11 Jul,17080,2067246
