English_Sector,Arabic_Sector,Date,Number of Transactions,Value of Transactions
Transportation,المواصلات,2016-01-01,"1,031.1 ",1407471.6
Transportation,المواصلات,2016-02-01,"1,021.0 ",1390994.5
Transportation,المواصلات,2016-03-01,"1,120.9 ",1531077.8
Transportation,المواصلات,2016-04-01,"1,070.8 ",1444012.6
Transportation,المواصلات,2016-05-01,"1,232.4 ",1700633.3
Transportation,المواصلات,2016-06-01,"1,222.9 ",1809134.0
Transportation,المواصلات,2016-07-01,986.7 ,1350244.7
Transportation,المواصلات,2016-08-01,"1,255.8 ",1765493.7
Transportation,المواصلات,2016-09-01,957.0 ,1144742.5
Transportation,المواصلات,2016-10-01,"1,155.9 ",1340019.0
Transportation,المواصلات,2016-11-01,"1,162.2 ",1317730.4
Transportation,المواصلات,2016-12-01,"1,180.0 ",1364873.2
Transportation,المواصلات,2017-01-01,"1,219.8 ",1438214.1
Transportation,المواصلات,2017-02-01,"1,097.1 ",1234039.1
Transportation,المواصلات,2017-03-01,"1,376.0 ",1520568.0
Transportation,المواصلات,2017-04-01,"1,356.0 ",1435736.0
Transportation,المواصلات,2017-05-01,"1,416.6 ",1585346.4
Transportation,المواصلات,2017-06-01,"1,183.8 ",1406979.6
Transportation,المواصلات,2017-07-01,"1,367.6 ",1674537.3
Transportation,المواصلات,2017-08-01,"1,442.7 ",1679047.8
Transportation,المواصلات,2017-09-01,"1,124.8 ",1133823.6
Transportation,المواصلات,2017-10-01,"1,422.3 ",1478798.5
Transportation,المواصلات,2017-11-01,"1,348.7 ",1362277.6
Transportation,المواصلات,2017-12-01,"1,438.7 ",1608316.8
Transportation,المواصلات,2018-01-01,"1,344.1 ",1276285.4
Transportation,المواصلات,2018-02-01,"1,280.6 ",1173236.1
Transportation,المواصلات,2018-03-01,"1,566.0 ",1452878.1
Transportation,المواصلات,2018-04-01,"1,529.9 ",1428019.9
Transportation,المواصلات,2018-05-01,"1,605.6 ",1591663.8
Transportation,المواصلات,2018-06-01,"1,475.0 ",1387634.7
Transportation,المواصلات,2018-07-01,"1,873.6 ",1854102.5
Transportation,المواصلات,2018-08-01,"1,648.3 ",1408420.8
Transportation,المواصلات,2018-09-01,"1,690.3 ",1391715.6
Transportation,المواصلات,2018-10-01,"1,834.3 ",1518906.1
Transportation,المواصلات,2018-11-01,"1,751.8 ",1424041.3
Transportation,المواصلات,2018-12-01,"1,976.8 ",1669803.9
Transportation,المواصلات,2019-01-01,"1,899.1 ",1550703.8
Transportation,المواصلات,2019-02-01,"1,746.7 ",1389410.3
Transportation,المواصلات,2019-03-01,"2,086.4 ",1655389.9
Transportation,المواصلات,2019-04-01,"2,048.7 ",1672051.7
Transportation,المواصلات,2019-05-01,"2,165.6 ",1915379.5
Transportation,المواصلات,2019-06-01,"2,142.2 ",1636422.9
Transportation,المواصلات,2019-07-01,"2,588.2 ",2133472.6
Transportation,المواصلات,2019-08-01,"2,304.0 ",1634392.6
Transportation,المواصلات,2019-09-01,"2,573.9 ",1879081.6
Transportation,المواصلات,2019-10-01,"2,788.4 ",1895700.4
Transportation,المواصلات,2019-11-01,"2,765.1 ",1782993.4
Transportation,المواصلات,2019-12-01,"3,037.4 ",2020525.8
Transportation,المواصلات,2020-01-01,"3,028.6 ",1924317.9
Transportation,المواصلات,2020-02-01,"2,986.0 ",1813561.4
Transportation,المواصلات,2020-03-01,"2,551.9 ",1445158.3
Transportation,المواصلات,2020-04-01,"1,170.7 ",432091.4
Transportation,المواصلات,2020-05-01,"1,972.9 ",1121251.3
Transportation,المواصلات,2020-06-01,"3,693.0 ",2766397.1
Transportation,المواصلات,2020-07-01,"3,912.3 ",1677233.2
Transportation,المواصلات,2020-08-01,"3,910.6 ",1700685.3
Transportation,المواصلات,2020-09-01,"4,213.7 ",1837171.5
Transportation,المواصلات,2020-10-01,"4,416.5 ",1898348.8
Transportation,المواصلات,2020-11-01,"4,444.5 ",1863208.8
Transportation,المواصلات,2020-12-01,"4,725.2 ",2027419.5
Transportation,المواصلات,2021-01-01,"4,740.9 ",1942980.7
Health,الصحة,2016-01-01,"6,088.0 ",1325150.6
Health,الصحة,2016-02-01,"6,381.8 ",1343572.2
Health,الصحة,2016-03-01,"6,751.9 ",1447611.0
Health,الصحة,2016-04-01,"6,619.9 ",1388207.3
Health,الصحة,2016-05-01,"6,751.1 ",1512705.1
Health,الصحة,2016-06-01,"6,536.1 ",1514102.7
Health,الصحة,2016-07-01,"5,934.1 ",1184949.2
Health,الصحة,2016-08-01,"6,677.0 ",1486975.0
Health,الصحة,2016-09-01,"6,210.6 ",1209363.0
Health,الصحة,2016-10-01,"7,556.8 ",1457074.3
Health,الصحة,2016-11-01,"7,421.7 ",1434253.0
Health,الصحة,2016-12-01,"7,771.4 ",1466012.8
Health,الصحة,2017-01-01,"7,810.0 ",1504601.6
Health,الصحة,2017-02-01,"7,197.0 ",1355667.7
Health,الصحة,2017-03-01,"8,820.2 ",1577477.0
Health,الصحة,2017-04-01,"8,544.1 ",1531392.8
Health,الصحة,2017-05-01,"8,576.0 ",1552215.7
Health,الصحة,2017-06-01,"8,024.4 ",1473113.0
Health,الصحة,2017-07-01,"8,062.2 ",1506230.0
Health,الصحة,2017-08-01,"8,658.5 ",1613452.5
Health,الصحة,2017-09-01,"7,974.2 ",1361845.5
Health,الصحة,2017-10-01,"9,814.6 ",1688109.5
Health,الصحة,2017-11-01,"9,543.5 ",1606679.7
Health,الصحة,2017-12-01,"9,976.0 ",1706516.2
Health,الصحة,2018-01-01,"9,752.2 ",1654787.5
Health,الصحة,2018-02-01,"9,630.1 ",1599231.5
Health,الصحة,2018-03-01,"11,194.9 ",1910196.1
Health,الصحة,2018-04-01,"10,616.1 ",1798771.7
Health,الصحة,2018-05-01,"10,319.5 ",1865829.5
Health,الصحة,2018-06-01,"9,802.9 ",1629667.8
Health,الصحة,2018-07-01,"10,718.6 ",1888337.8
Health,الصحة,2018-08-01,"10,312.2 ",1678499.0
Health,الصحة,2018-09-01,"11,077.7 ",1849203.9
Health,الصحة,2018-10-01,"11,945.6 ",1913369.0
Health,الصحة,2018-11-01,"11,726.5 ",1785924.1
Health,الصحة,2018-12-01,"12,654.1 ",2002143.0
Health,الصحة,2019-01-01,"12,614.1 ",1973117.3
Health,الصحة,2019-02-01,"11,939.2 ",1813683.2
Health,الصحة,2019-03-01,"14,027.3 ",2163346.8
Health,الصحة,2019-04-01,"12,804.4 ",2009108.5
Health,الصحة,2019-05-01,"13,299.0 ",2206494.3
Health,الصحة,2019-06-01,"12,624.8 ",1795911.0
Health,الصحة,2019-07-01,"13,975.1 ",2189404.3
Health,الصحة,2019-08-01,"13,589.8 ",1883641.7
Health,الصحة,2019-09-01,"15,053.4 ",2210938.6
Health,الصحة,2019-10-01,"16,529.5 ",2252452.8
Health,الصحة,2019-11-01,"16,251.4 ",2148096.3
Health,الصحة,2019-12-01,"16,979.6 ",2338051.3
Health,الصحة,2020-01-01,"16,132.2 ",2205324.1
Health,الصحة,2020-02-01,"16,652.1 ",2216091.5
Health,الصحة,2020-03-01,"18,364.5 ",2195597.3
Health,الصحة,2020-04-01,"13,987.4 ",1469474.3
Health,الصحة,2020-05-01,"17,195.4 ",1953364.2
Health,الصحة,2020-06-01,"21,588.1 ",2761310.4
Health,الصحة,2020-07-01,"21,296.8 ",2899403.4
Health,الصحة,2020-08-01,"20,412.2 ",2688799.5
Health,الصحة,2020-09-01,"20,873.1 ",2958278.8
Health,الصحة,2020-10-01,"21,684.8 ",2832486.6
Health,الصحة,2020-11-01,"20,879.6 ",2735160.3
Health,الصحة,2020-12-01,"22,009.3 ",2891886.9
Health,الصحة,2021-01-01,"22,945.3 ",2846468.1
Restaurants & Café,المطاعم والمقاهي,2016-01-01,"5,157.8 ",735948.8
Restaurants & Café,المطاعم والمقاهي,2016-02-01,"5,189.2 ",669091.9
Restaurants & Café,المطاعم والمقاهي,2016-03-01,"5,999.2 ",786647.7
Restaurants & Café,المطاعم والمقاهي,2016-04-01,"6,148.9 ",759616.2
Restaurants & Café,المطاعم والمقاهي,2016-05-01,"6,741.7 ",836853.5
Restaurants & Café,المطاعم والمقاهي,2016-06-01,"5,044.4 ",683769.4
Restaurants & Café,المطاعم والمقاهي,2016-07-01,"6,303.7 ",864329.6
Restaurants & Café,المطاعم والمقاهي,2016-08-01,"7,185.5 ",835437.2
Restaurants & Café,المطاعم والمقاهي,2016-09-01,"6,838.6 ",794267.7
Restaurants & Café,المطاعم والمقاهي,2016-10-01,"7,466.2 ",764983.0
Restaurants & Café,المطاعم والمقاهي,2016-11-01,"8,168.7 ",849411.7
Restaurants & Café,المطاعم والمقاهي,2016-12-01,"9,043.7 ",927071.0
Restaurants & Café,المطاعم والمقاهي,2017-01-01,"9,544.7 ",980554.4
Restaurants & Café,المطاعم والمقاهي,2017-02-01,"8,910.6 ",882935.2
Restaurants & Café,المطاعم والمقاهي,2017-03-01,"11,291.1 ",1033384.4
Restaurants & Café,المطاعم والمقاهي,2017-04-01,"11,245.8 ",1021760.1
Restaurants & Café,المطاعم والمقاهي,2017-05-01,"11,584.5 ",1033788.8
Restaurants & Café,المطاعم والمقاهي,2017-06-01,"9,123.9 ",1048395.7
Restaurants & Café,المطاعم والمقاهي,2017-07-01,"11,466.6 ",1070797.0
Restaurants & Café,المطاعم والمقاهي,2017-08-01,"12,888.2 ",1165700.1
Restaurants & Café,المطاعم والمقاهي,2017-09-01,"11,912.3 ",1056967.8
Restaurants & Café,المطاعم والمقاهي,2017-10-01,"14,140.9 ",1144078.2
Restaurants & Café,المطاعم والمقاهي,2017-11-01,"14,672.2 ",1176031.2
Restaurants & Café,المطاعم والمقاهي,2017-12-01,"16,009.7 ",1307294.1
Restaurants & Café,المطاعم والمقاهي,2018-01-01,"16,622.5 ",1388660.3
Restaurants & Café,المطاعم والمقاهي,2018-02-01,"16,690.5 ",1319859.9
Restaurants & Café,المطاعم والمقاهي,2018-03-01,"20,586.7 ",1636944.0
Restaurants & Café,المطاعم والمقاهي,2018-04-01,"20,586.1 ",1589268.8
Restaurants & Café,المطاعم والمقاهي,2018-05-01,"17,944.5 ",1446275.3
Restaurants & Café,المطاعم والمقاهي,2018-06-01,"17,539.4 ",1635726.9
Restaurants & Café,المطاعم والمقاهي,2018-07-01,"22,753.6 ",1757133.1
Restaurants & Café,المطاعم والمقاهي,2018-08-01,"22,346.8 ",1757891.3
Restaurants & Café,المطاعم والمقاهي,2018-09-01,"23,047.6 ",1650885.9
Restaurants & Café,المطاعم والمقاهي,2018-10-01,"26,112.3 ",1778381.8
Restaurants & Café,المطاعم والمقاهي,2018-11-01,"26,850.8 ",1849816.2
Restaurants & Café,المطاعم والمقاهي,2018-12-01,"29,034.7 ",2076826.9
Restaurants & Café,المطاعم والمقاهي,2019-01-01,"29,663.9 ",2081076.9
Restaurants & Café,المطاعم والمقاهي,2019-02-01,"29,106.2 ",1948217.2
Restaurants & Café,المطاعم والمقاهي,2019-03-01,"35,390.9 ",2385470.6
Restaurants & Café,المطاعم والمقاهي,2019-04-01,"35,198.1 ",2300698.6
Restaurants & Café,المطاعم والمقاهي,2019-05-01,"27,549.4 ",2011839.9
Restaurants & Café,المطاعم والمقاهي,2019-06-01,"34,922.1 ",2476076.3
Restaurants & Café,المطاعم والمقاهي,2019-07-01,"41,034.8 ",2552515.5
Restaurants & Café,المطاعم والمقاهي,2019-08-01,"40,425.0 ",2560806.7
Restaurants & Café,المطاعم والمقاهي,2019-09-01,"44,116.2 ",2513913.6
Restaurants & Café,المطاعم والمقاهي,2019-10-01,"49,960.4 ",2816242.2
Restaurants & Café,المطاعم والمقاهي,2019-11-01,"51,351.6 ",2849080.8
Restaurants & Café,المطاعم والمقاهي,2019-12-01,"54,985.3 ",3054016.6
Restaurants & Café,المطاعم والمقاهي,2020-01-01,"56,713.7 ",3343975.3
Restaurants & Café,المطاعم والمقاهي,2020-02-01,"56,625.9 ",3028889.3
Restaurants & Café,المطاعم والمقاهي,2020-03-01,"43,655.2 ",2270961.2
Restaurants & Café,المطاعم والمقاهي,2020-04-01,"16,298.1 ",991406.0
Restaurants & Café,المطاعم والمقاهي,2020-05-01,"25,368.1 ",1733602.1
Restaurants & Café,المطاعم والمقاهي,2020-06-01,"53,251.6 ",2723151.6
Restaurants & Café,المطاعم والمقاهي,2020-07-01,"72,615.8 ",3908646.4
Restaurants & Café,المطاعم والمقاهي,2020-08-01,"76,653.5 ",4040630.8
Restaurants & Café,المطاعم والمقاهي,2020-09-01,"83,482.0 ",4213053.4
Restaurants & Café,المطاعم والمقاهي,2020-10-01,"90,968.4 ",4497379.0
Restaurants & Café,المطاعم والمقاهي,2020-11-01,"92,218.1 ",4434446.3
Restaurants & Café,المطاعم والمقاهي,2020-12-01,"101,167.3 ",4873845.2
Restaurants & Café,المطاعم والمقاهي,2021-01-01,"104,417.5 ",5180471.6
Hotels  ,الفنادق,2016-01-01,525.7 ,557323.4
Hotels  ,الفنادق,2016-02-01,449.4 ,479092.2
Hotels  ,الفنادق,2016-03-01,585.9 ,635033.5
Hotels  ,الفنادق,2016-04-01,503.1 ,516636.5
Hotels  ,الفنادق,2016-05-01,551.9 ,559061.5
Hotels  ,الفنادق,2016-06-01,569.2 ,797599.3
Hotels  ,الفنادق,2016-07-01,581.2 ,590144.3
Hotels  ,الفنادق,2016-08-01,623.2 ,548685.4
Hotels  ,الفنادق,2016-09-01,460.6 ,404589.4
Hotels  ,الفنادق,2016-10-01,514.9 ,491547.7
Hotels  ,الفنادق,2016-11-01,617.0 ,576884.9
Hotels  ,الفنادق,2016-12-01,539.1 ,490484.6
Hotels  ,الفنادق,2017-01-01,609.3 ,539099.9
Hotels  ,الفنادق,2017-02-01,557.1 ,469383.0
Hotels  ,الفنادق,2017-03-01,688.3 ,552741.2
Hotels  ,الفنادق,2017-04-01,747.3 ,622729.2
Hotels  ,الفنادق,2017-05-01,682.4 ,603313.6
Hotels  ,الفنادق,2017-06-01,689.7 ,767988.7
Hotels  ,الفنادق,2017-07-01,730.9 ,565663.0
Hotels  ,الفنادق,2017-08-01,681.0 ,485702.5
Hotels  ,الفنادق,2017-09-01,596.9 ,409191.2
Hotels  ,الفنادق,2017-10-01,705.5 ,555281.1
Hotels  ,الفنادق,2017-11-01,657.9 ,492230.4
Hotels  ,الفنادق,2017-12-01,655.5 ,494547.6
Hotels  ,الفنادق,2018-01-01,805.2 ,602919.8
Hotels  ,الفنادق,2018-02-01,691.0 ,516340.3
Hotels  ,الفنادق,2018-03-01,855.2 ,609861.7
Hotels  ,الفنادق,2018-04-01,807.2 ,561878.1
Hotels  ,الفنادق,2018-05-01,852.7 ,1713577.0
Hotels  ,الفنادق,2018-06-01,899.7 ,776745.3
Hotels  ,الفنادق,2018-07-01,"1,068.0 ",679495.0
Hotels  ,الفنادق,2018-08-01,865.0 ,521353.4
Hotels  ,الفنادق,2018-09-01,799.1 ,493648.7
Hotels  ,الفنادق,2018-10-01,889.5 ,572427.0
Hotels  ,الفنادق,2018-11-01,893.1 ,575198.7
Hotels  ,الفنادق,2018-12-01,"1,069.6 ",722724.3
Hotels  ,الفنادق,2019-01-01,"1,045.3 ",685241.5
Hotels  ,الفنادق,2019-02-01,918.0 ,1144949.1
Hotels  ,الفنادق,2019-03-01,"1,064.1 ",586379.0
Hotels  ,الفنادق,2019-04-01,"1,025.9 ",534941.8
Hotels  ,الفنادق,2019-05-01,"1,105.8 ",787580.3
Hotels  ,الفنادق,2019-06-01,"1,334.0 ",774073.5
Hotels  ,الفنادق,2019-07-01,"1,451.6 ",733104.8
Hotels  ,الفنادق,2019-08-01,"1,266.8 ",621123.9
Hotels  ,الفنادق,2019-09-01,"1,301.3 ",656407.2
Hotels  ,الفنادق,2019-10-01,"1,333.6 ",689406.7
Hotels  ,الفنادق,2019-11-01,"1,344.6 ",679593.0
Hotels  ,الفنادق,2019-12-01,"1,414.9 ",760970.7
Hotels  ,الفنادق,2020-01-01,"1,859.4 ",1018185.1
Hotels  ,الفنادق,2020-02-01,"1,445.3 ",697017.0
Hotels  ,الفنادق,2020-03-01,812.1 ,343584.6
Hotels  ,الفنادق,2020-04-01,209.7 ,89014.2
Hotels  ,الفنادق,2020-05-01,280.9 ,101120.6
Hotels  ,الفنادق,2020-06-01,767.8 ,270843.4
Hotels  ,الفنادق,2020-07-01,"1,313.1 ",493570.7
Hotels  ,الفنادق,2020-08-01,"1,646.2 ",637058.3
Hotels  ,الفنادق,2020-09-01,"1,512.5 ",548451.3
Hotels  ,الفنادق,2020-10-01,"1,638.1 ",582440.0
Hotels  ,الفنادق,2020-11-01,"1,663.1 ",606776.4
Hotels  ,الفنادق,2020-12-01,"1,817.8 ",677640.6
Hotels  ,الفنادق,2021-01-01,"2,294.1 ",940229.1
Beverage and Food,الأطعمة والمشروبات,2016-01-01,"9,079.3 ",1653174.8
Beverage and Food,الأطعمة والمشروبات,2016-02-01,"9,305.3 ",1666637.3
Beverage and Food,الأطعمة والمشروبات,2016-03-01,"9,808.0 ",1695115.3
Beverage and Food,الأطعمة والمشروبات,2016-04-01,"10,257.8 ",1737662.3
Beverage and Food,الأطعمة والمشروبات,2016-05-01,"11,356.6 ",2079110.4
Beverage and Food,الأطعمة والمشروبات,2016-06-01,"11,524.8 ",2140173.3
Beverage and Food,الأطعمة والمشروبات,2016-07-01,"9,397.3 ",1509798.0
Beverage and Food,الأطعمة والمشروبات,2016-08-01,"10,581.0 ",1735325.9
Beverage and Food,الأطعمة والمشروبات,2016-09-01,"10,310.5 ",1698988.3
Beverage and Food,الأطعمة والمشروبات,2016-10-01,"11,863.1 ",1877314.4
Beverage and Food,الأطعمة والمشروبات,2016-11-01,"11,603.7 ",1829095.8
Beverage and Food,الأطعمة والمشروبات,2016-12-01,"12,486.9 ",1913123.9
Beverage and Food,الأطعمة والمشروبات,2017-01-01,"12,099.5 ",1785648.1
Beverage and Food,الأطعمة والمشروبات,2017-02-01,"11,713.2 ",1783005.6
Beverage and Food,الأطعمة والمشروبات,2017-03-01,"13,851.4 ",1932238.8
Beverage and Food,الأطعمة والمشروبات,2017-04-01,"13,801.1 ",1932080.1
Beverage and Food,الأطعمة والمشروبات,2017-05-01,"16,397.9 ",2635738.2
Beverage and Food,الأطعمة والمشروبات,2017-06-01,"13,290.9 ",1843986.8
Beverage and Food,الأطعمة والمشروبات,2017-07-01,"13,309.8 ",1784057.7
Beverage and Food,الأطعمة والمشروبات,2017-08-01,"14,661.8 ",1967830.5
Beverage and Food,الأطعمة والمشروبات,2017-09-01,"13,932.8 ",1900799.1
Beverage and Food,الأطعمة والمشروبات,2017-10-01,"16,129.0 ",2151413.8
Beverage and Food,الأطعمة والمشروبات,2017-11-01,"15,717.0 ",2050340.4
Beverage and Food,الأطعمة والمشروبات,2017-12-01,"17,052.4 ",2330862.4
Beverage and Food,الأطعمة والمشروبات,2018-01-01,"16,320.9 ",2037846.4
Beverage and Food,الأطعمة والمشروبات,2018-02-01,"16,532.0 ",2075096.4
Beverage and Food,الأطعمة والمشروبات,2018-03-01,"19,271.6 ",2433430.5
Beverage and Food,الأطعمة والمشروبات,2018-04-01,"19,391.1 ",2451799.9
Beverage and Food,الأطعمة والمشروبات,2018-05-01,"21,247.5 ",2964148.8
Beverage and Food,الأطعمة والمشروبات,2018-06-01,"17,623.4 ",2126658.5
Beverage and Food,الأطعمة والمشروبات,2018-07-01,"20,056.6 ",2294335.4
Beverage and Food,الأطعمة والمشروبات,2018-08-01,"19,999.8 ",2337064.5
Beverage and Food,الأطعمة والمشروبات,2018-09-01,"21,867.0 ",2588060.4
Beverage and Food,الأطعمة والمشروبات,2018-10-01,"23,678.6 ",2695820.5
Beverage and Food,الأطعمة والمشروبات,2018-11-01,"23,275.4 ",2599339.6
Beverage and Food,الأطعمة والمشروبات,2018-12-01,"24,266.4 ",2705467.6
Beverage and Food,الأطعمة والمشروبات,2019-01-01,"24,908.7 ",2802871.7
Beverage and Food,الأطعمة والمشروبات,2019-02-01,"23,803.8 ",2530199.9
Beverage and Food,الأطعمة والمشروبات,2019-03-01,"28,081.0 ",3052079.6
Beverage and Food,الأطعمة والمشروبات,2019-04-01,"28,642.1 ",3232267.8
Beverage and Food,الأطعمة والمشروبات,2019-05-01,"30,376.7 ",3495170.8
Beverage and Food,الأطعمة والمشروبات,2019-06-01,"27,814.0 ",2656291.7
Beverage and Food,الأطعمة والمشروبات,2019-07-01,"32,701.4 ",2964747.0
Beverage and Food,الأطعمة والمشروبات,2019-08-01,"33,087.3 ",3059998.1
Beverage and Food,الأطعمة والمشروبات,2019-09-01,"36,527.2 ",3275251.8
Beverage and Food,الأطعمة والمشروبات,2019-10-01,"40,409.2 ",3455207.4
Beverage and Food,الأطعمة والمشروبات,2019-11-01,"40,106.8 ",3408177.8
Beverage and Food,الأطعمة والمشروبات,2019-12-01,"41,426.7 ",3511138.5
Beverage and Food,الأطعمة والمشروبات,2020-01-01,"41,421.8 ",3576604.3
Beverage and Food,الأطعمة والمشروبات,2020-02-01,"43,274.1 ",3563756.6
Beverage and Food,الأطعمة والمشروبات,2020-03-01,"54,010.1 ",5731836.6
Beverage and Food,الأطعمة والمشروبات,2020-04-01,"54,697.1 ",6436896.7
Beverage and Food,الأطعمة والمشروبات,2020-05-01,"57,207.8 ",5500385.3
Beverage and Food,الأطعمة والمشروبات,2020-06-01,"65,536.1 ",5518250.2
Beverage and Food,الأطعمة والمشروبات,2020-07-01,"71,465.6 ",5111516.9
Beverage and Food,الأطعمة والمشروبات,2020-08-01,"73,639.8 ",5149132.2
Beverage and Food,الأطعمة والمشروبات,2020-09-01,"77,723.0 ",5325670.9
Beverage and Food,الأطعمة والمشروبات,2020-10-01,"83,402.7 ",5550539.9
Beverage and Food,الأطعمة والمشروبات,2020-11-01,"83,248.4 ",5375486.3
Beverage and Food,الأطعمة والمشروبات,2020-12-01,"88,386.4 ",5607793.8
Beverage and Food,الأطعمة والمشروبات,2021-01-01,"89,737.5 ",5673979.7
Clothing and Footwear,الملابس والأحذية,2016-01-01,"7,033.0 ",2061684.5
Clothing and Footwear,الملابس والأحذية,2016-02-01,"5,067.6 ",1608653.8
Clothing and Footwear,الملابس والأحذية,2016-03-01,"6,263.5 ",2028309.2
Clothing and Footwear,الملابس والأحذية,2016-04-01,"6,380.4 ",1972320.1
Clothing and Footwear,الملابس والأحذية,2016-05-01,"8,030.6 ",2575627.0
Clothing and Footwear,الملابس والأحذية,2016-06-01,"10,712.6 ",3617526.2
Clothing and Footwear,الملابس والأحذية,2016-07-01,"7,106.4 ",2140252.5
Clothing and Footwear,الملابس والأحذية,2016-08-01,"7,335.5 ",2070868.6
Clothing and Footwear,الملابس والأحذية,2016-09-01,"7,185.1 ",1988689.7
Clothing and Footwear,الملابس والأحذية,2016-10-01,"5,506.5 ",1598998.6
Clothing and Footwear,الملابس والأحذية,2016-11-01,"7,592.0 ",2233832.5
Clothing and Footwear,الملابس والأحذية,2016-12-01,"8,116.7 ",2235397.8
Clothing and Footwear,الملابس والأحذية,2017-01-01,"8,002.2 ",2056422.8
Clothing and Footwear,الملابس والأحذية,2017-02-01,"6,082.4 ",1612597.2
Clothing and Footwear,الملابس والأحذية,2017-03-01,"7,692.2 ",2013365.1
Clothing and Footwear,الملابس والأحذية,2017-04-01,"8,470.8 ",2215465.2
Clothing and Footwear,الملابس والأحذية,2017-05-01,"8,992.2 ",2456327.8
Clothing and Footwear,الملابس والأحذية,2017-06-01,"13,114.3 ",3792539.4
Clothing and Footwear,الملابس والأحذية,2017-07-01,"6,912.8 ",1751069.4
Clothing and Footwear,الملابس والأحذية,2017-08-01,"9,478.0 ",2358500.7
Clothing and Footwear,الملابس والأحذية,2017-09-01,"6,854.0 ",1662407.4
Clothing and Footwear,الملابس والأحذية,2017-10-01,"6,601.4 ",1687713.4
Clothing and Footwear,الملابس والأحذية,2017-11-01,"7,812.4 ",2049319.3
Clothing and Footwear,الملابس والأحذية,2017-12-01,"9,610.9 ",2487969.8
Clothing and Footwear,الملابس والأحذية,2018-01-01,"8,688.3 ",1996614.9
Clothing and Footwear,الملابس والأحذية,2018-02-01,"6,708.1 ",1621762.4
Clothing and Footwear,الملابس والأحذية,2018-03-01,"9,177.7 ",2312444.3
Clothing and Footwear,الملابس والأحذية,2018-04-01,"9,792.4 ",2474665.8
Clothing and Footwear,الملابس والأحذية,2018-05-01,"11,733.7 ",3291500.9
Clothing and Footwear,الملابس والأحذية,2018-06-01,"12,839.4 ",3332017.8
Clothing and Footwear,الملابس والأحذية,2018-07-01,"8,819.4 ",2014702.5
Clothing and Footwear,الملابس والأحذية,2018-08-01,"10,663.2 ",2468601.5
Clothing and Footwear,الملابس والأحذية,2018-09-01,"7,605.3 ",1651313.2
Clothing and Footwear,الملابس والأحذية,2018-10-01,"8,088.5 ",1856454.7
Clothing and Footwear,الملابس والأحذية,2018-11-01,"9,778.3 ",2377918.5
Clothing and Footwear,الملابس والأحذية,2018-12-01,"10,990.5 ",2570755.0
Clothing and Footwear,الملابس والأحذية,2019-01-01,"9,773.8 ",2075254.3
Clothing and Footwear,الملابس والأحذية,2019-02-01,"7,588.3 ",1669056.7
Clothing and Footwear,الملابس والأحذية,2019-03-01,"10,263.0 ",2381957.2
Clothing and Footwear,الملابس والأحذية,2019-04-01,"11,237.5 ",2746846.1
Clothing and Footwear,الملابس والأحذية,2019-05-01,"18,462.5 ",4799803.0
Clothing and Footwear,الملابس والأحذية,2019-06-01,"10,604.1 ",2338217.2
Clothing and Footwear,الملابس والأحذية,2019-07-01,"10,990.0 ",2301733.8
Clothing and Footwear,الملابس والأحذية,2019-08-01,"13,244.4 ",2734288.6
Clothing and Footwear,الملابس والأحذية,2019-09-01,"9,777.3 ",1894842.5
Clothing and Footwear,الملابس والأحذية,2019-10-01,"10,201.5 ",2067083.9
Clothing and Footwear,الملابس والأحذية,2019-11-01,"12,564.3 ",2777696.3
Clothing and Footwear,الملابس والأحذية,2019-12-01,"13,139.3 ",2743524.0
Clothing and Footwear,الملابس والأحذية,2020-01-01,"14,094.2 ",2734812.9
Clothing and Footwear,الملابس والأحذية,2020-02-01,"10,211.2 ",2021299.2
Clothing and Footwear,الملابس والأحذية,2020-03-01,"6,707.4 ",1314513.9
Clothing and Footwear,الملابس والأحذية,2020-04-01,"2,811.2 ",476911.6
Clothing and Footwear,الملابس والأحذية,2020-05-01,"11,247.8 ",2314524.2
Clothing and Footwear,الملابس والأحذية,2020-06-01,"10,853.3 ",2270785.4
Clothing and Footwear,الملابس والأحذية,2020-07-01,"17,633.7 ",3293332.2
Clothing and Footwear,الملابس والأحذية,2020-08-01,"11,472.5 ",2094333.8
Clothing and Footwear,الملابس والأحذية,2020-09-01,"13,384.8 ",2361567.0
Clothing and Footwear,الملابس والأحذية,2020-10-01,"14,335.1 ",2665164.6
Clothing and Footwear,الملابس والأحذية,2020-11-01,"15,823.1 ",3012435.7
Clothing and Footwear,الملابس والأحذية,2020-12-01,"18,895.1 ",3496977.6
Clothing and Footwear,الملابس والأحذية,2021-01-01,"16,992.7 ",2910063.4
Recreation and Culture,الترفية والثقافة,2016-01-01,"1,358.7 ",556582.3
Recreation and Culture,الترفية والثقافة,2016-02-01,"1,224.4 ",492657.5
Recreation and Culture,الترفية والثقافة,2016-03-01,"1,226.6 ",522165.3
Recreation and Culture,الترفية والثقافة,2016-04-01,"1,187.9 ",472795.9
Recreation and Culture,الترفية والثقافة,2016-05-01,"1,344.9 ",583196.3
Recreation and Culture,الترفية والثقافة,2016-06-01,"1,395.8 ",611067.8
Recreation and Culture,الترفية والثقافة,2016-07-01,"1,185.0 ",464998.8
Recreation and Culture,الترفية والثقافة,2016-08-01,"1,194.9 ",464354.9
Recreation and Culture,الترفية والثقافة,2016-09-01,"1,611.3 ",638539.2
Recreation and Culture,الترفية والثقافة,2016-10-01,"1,620.0 ",602272.4
Recreation and Culture,الترفية والثقافة,2016-11-01,"1,414.3 ",539381.7
Recreation and Culture,الترفية والثقافة,2016-12-01,"1,563.3 ",585889.2
Recreation and Culture,الترفية والثقافة,2017-01-01,"1,570.7 ",629868.6
Recreation and Culture,الترفية والثقافة,2017-02-01,"1,748.7 ",590278.2
Recreation and Culture,الترفية والثقافة,2017-03-01,"1,770.4 ",595944.3
Recreation and Culture,الترفية والثقافة,2017-04-01,"1,620.0 ",551354.1
Recreation and Culture,الترفية والثقافة,2017-05-01,"2,082.3 ",757594.5
Recreation and Culture,الترفية والثقافة,2017-06-01,"2,317.6 ",830211.3
Recreation and Culture,الترفية والثقافة,2017-07-01,"1,454.2 ",503356.4
Recreation and Culture,الترفية والثقافة,2017-08-01,"1,859.5 ",626434.1
Recreation and Culture,الترفية والثقافة,2017-09-01,"2,177.5 ",782779.4
Recreation and Culture,الترفية والثقافة,2017-10-01,"2,341.8 ",741545.2
Recreation and Culture,الترفية والثقافة,2017-11-01,"2,244.4 ",732412.0
Recreation and Culture,الترفية والثقافة,2017-12-01,"2,329.3 ",870885.4
Recreation and Culture,الترفية والثقافة,2018-01-01,"2,383.3 ",722529.5
Recreation and Culture,الترفية والثقافة,2018-02-01,"2,292.1 ",661124.4
Recreation and Culture,الترفية والثقافة,2018-03-01,"2,674.5 ",800686.4
Recreation and Culture,الترفية والثقافة,2018-04-01,"2,499.6 ",756141.3
Recreation and Culture,الترفية والثقافة,2018-05-01,"2,977.6 ",992244.7
Recreation and Culture,الترفية والثقافة,2018-06-01,"2,558.6 ",807676.0
Recreation and Culture,الترفية والثقافة,2018-07-01,"2,259.7 ",671021.1
Recreation and Culture,الترفية والثقافة,2018-08-01,"2,643.9 ",849122.9
Recreation and Culture,الترفية والثقافة,2018-09-01,"3,419.1 ",928441.8
Recreation and Culture,الترفية والثقافة,2018-10-01,"2,952.5 ",785492.0
Recreation and Culture,الترفية والثقافة,2018-11-01,"2,739.6 ",739687.7
Recreation and Culture,الترفية والثقافة,2018-12-01,"3,087.8 ",947090.8
Recreation and Culture,الترفية والثقافة,2019-01-01,"3,478.5 ",927160.4
Recreation and Culture,الترفية والثقافة,2019-02-01,"2,859.1 ",722548.5
Recreation and Culture,الترفية والثقافة,2019-03-01,"3,500.5 ",894417.8
Recreation and Culture,الترفية والثقافة,2019-04-01,"3,361.9 ",912410.8
Recreation and Culture,الترفية والثقافة,2019-05-01,"3,662.1 ",1073186.1
Recreation and Culture,الترفية والثقافة,2019-06-01,"2,972.0 ",752327.9
Recreation and Culture,الترفية والثقافة,2019-07-01,"3,147.0 ",779412.4
Recreation and Culture,الترفية والثقافة,2019-08-01,"3,913.5 ",1055822.5
Recreation and Culture,الترفية والثقافة,2019-09-01,"5,033.1 ",1100324.9
Recreation and Culture,الترفية والثقافة,2019-10-01,"4,565.2 ",968369.6
Recreation and Culture,الترفية والثقافة,2019-11-01,"4,301.4 ",965242.5
Recreation and Culture,الترفية والثقافة,2019-12-01,"4,553.0 ",1085701.2
Recreation and Culture,الترفية والثقافة,2020-01-01,"5,057.0 ",1213966.4
Recreation and Culture,الترفية والثقافة,2020-02-01,"4,815.4 ",992972.3
Recreation and Culture,الترفية والثقافة,2020-03-01,"3,371.3 ",782657.9
Recreation and Culture,الترفية والثقافة,2020-04-01,"1,668.2 ",375196.5
Recreation and Culture,الترفية والثقافة,2020-05-01,"3,878.0 ",996929.3
Recreation and Culture,الترفية والثقافة,2020-06-01,"4,544.8 ",1248105.3
Recreation and Culture,الترفية والثقافة,2020-07-01,"5,290.2 ",1004067.9
Recreation and Culture,الترفية والثقافة,2020-08-01,"5,107.1 ",1184703.0
Recreation and Culture,الترفية والثقافة,2020-09-01,"6,565.0 ",1156573.4
Recreation and Culture,الترفية والثقافة,2020-10-01,"6,288.6 ",1098070.0
Recreation and Culture,الترفية والثقافة,2020-11-01,"5,860.8 ",1046019.2
Recreation and Culture,الترفية والثقافة,2020-12-01,"6,576.1 ",1336486.0
Recreation and Culture,الترفية والثقافة,2021-01-01,"6,855.7 ",1356784.9
Miscellaneous Goods and Services,سلع وخدمات متنوعة,2016-01-01,"1,640.7 ",1036376.0
Miscellaneous Goods and Services,سلع وخدمات متنوعة,2016-02-01,"1,566.4 ",1022117.1
Miscellaneous Goods and Services,سلع وخدمات متنوعة,2016-03-01,"1,803.1 ",1172707.7
Miscellaneous Goods and Services,سلع وخدمات متنوعة,2016-04-01,"1,811.8 ",1125882.2
Miscellaneous Goods and Services,سلع وخدمات متنوعة,2016-05-01,"2,113.4 ",1349508.1
Miscellaneous Goods and Services,سلع وخدمات متنوعة,2016-06-01,"2,224.4 ",1404875.1
Miscellaneous Goods and Services,سلع وخدمات متنوعة,2016-07-01,"1,982.9 ",1075132.2
Miscellaneous Goods and Services,سلع وخدمات متنوعة,2016-08-01,"2,152.5 ",1263222.2
Miscellaneous Goods and Services,سلع وخدمات متنوعة,2016-09-01,"2,178.6 ",1134590.2
Miscellaneous Goods and Services,سلع وخدمات متنوعة,2016-10-01,"2,255.5 ",1215377.7
Miscellaneous Goods and Services,سلع وخدمات متنوعة,2016-11-01,"2,574.1 ",1543604.6
Miscellaneous Goods and Services,سلع وخدمات متنوعة,2016-12-01,"2,541.0 ",1371148.3
Miscellaneous Goods and Services,سلع وخدمات متنوعة,2017-01-01,"2,374.0 ",1380035.5
Miscellaneous Goods and Services,سلع وخدمات متنوعة,2017-02-01,"2,025.3 ",1237060.2
Miscellaneous Goods and Services,سلع وخدمات متنوعة,2017-03-01,"2,350.1 ",1490828.0
Miscellaneous Goods and Services,سلع وخدمات متنوعة,2017-04-01,"2,249.7 ",1436725.0
Miscellaneous Goods and Services,سلع وخدمات متنوعة,2017-05-01,"2,611.3 ",1683747.4
Miscellaneous Goods and Services,سلع وخدمات متنوعة,2017-06-01,"2,826.4 ",1618264.9
Miscellaneous Goods and Services,سلع وخدمات متنوعة,2017-07-01,"2,423.6 ",1508301.6
Miscellaneous Goods and Services,سلع وخدمات متنوعة,2017-08-01,"2,826.4 ",1636943.4
Miscellaneous Goods and Services,سلع وخدمات متنوعة,2017-09-01,"2,563.5 ",1346184.1
Miscellaneous Goods and Services,سلع وخدمات متنوعة,2017-10-01,"2,724.4 ",1557506.7
Miscellaneous Goods and Services,سلع وخدمات متنوعة,2017-11-01,"3,216.1 ",1944266.4
Miscellaneous Goods and Services,سلع وخدمات متنوعة,2017-12-01,"3,311.3 ",1953280.9
Miscellaneous Goods and Services,سلع وخدمات متنوعة,2018-01-01,"3,414.3 ",1734932.9
Miscellaneous Goods and Services,سلع وخدمات متنوعة,2018-02-01,"3,169.4 ",1695763.5
Miscellaneous Goods and Services,سلع وخدمات متنوعة,2018-03-01,"3,961.7 ",2168941.3
Miscellaneous Goods and Services,سلع وخدمات متنوعة,2018-04-01,"3,925.6 ",2107579.8
Miscellaneous Goods and Services,سلع وخدمات متنوعة,2018-05-01,"4,246.5 ",2401633.5
Miscellaneous Goods and Services,سلع وخدمات متنوعة,2018-06-01,"3,920.4 ",1957218.5
Miscellaneous Goods and Services,سلع وخدمات متنوعة,2018-07-01,"4,011.8 ",2188054.0
Miscellaneous Goods and Services,سلع وخدمات متنوعة,2018-08-01,"3,898.5 ",1972634.6
Miscellaneous Goods and Services,سلع وخدمات متنوعة,2018-09-01,"3,941.2 ",2161908.3
Miscellaneous Goods and Services,سلع وخدمات متنوعة,2018-10-01,"3,772.5 ",2088140.9
Miscellaneous Goods and Services,سلع وخدمات متنوعة,2018-11-01,"4,219.2 ",2410250.2
Miscellaneous Goods and Services,سلع وخدمات متنوعة,2018-12-01,"4,231.0 ",2320229.8
Miscellaneous Goods and Services,سلع وخدمات متنوعة,2019-01-01,"4,227.2 ",2290039.3
Miscellaneous Goods and Services,سلع وخدمات متنوعة,2019-02-01,"3,894.4 ",2077502.3
Miscellaneous Goods and Services,سلع وخدمات متنوعة,2019-03-01,"4,732.0 ",2515978.5
Miscellaneous Goods and Services,سلع وخدمات متنوعة,2019-04-01,"4,584.0 ",2404891.0
Miscellaneous Goods and Services,سلع وخدمات متنوعة,2019-05-01,"4,799.7 ",2576911.2
Miscellaneous Goods and Services,سلع وخدمات متنوعة,2019-06-01,"4,383.3 ",1916124.8
Miscellaneous Goods and Services,سلع وخدمات متنوعة,2019-07-01,"4,978.0 ",2384534.4
Miscellaneous Goods and Services,سلع وخدمات متنوعة,2019-08-01,"5,050.6 ",2135942.8
Miscellaneous Goods and Services,سلع وخدمات متنوعة,2019-09-01,"5,638.7 ",2556362.3
Miscellaneous Goods and Services,سلع وخدمات متنوعة,2019-10-01,"5,954.0 ",2626943.1
Miscellaneous Goods and Services,سلع وخدمات متنوعة,2019-11-01,"6,258.3 ",2417280.3
Miscellaneous Goods and Services,سلع وخدمات متنوعة,2019-12-01,"6,728.6 ",2756321.7
Miscellaneous Goods and Services,سلع وخدمات متنوعة,2020-01-01,"6,862.2 ",2646015.7
Miscellaneous Goods and Services,سلع وخدمات متنوعة,2020-02-01,"6,680.7 ",2560020.2
Miscellaneous Goods and Services,سلع وخدمات متنوعة,2020-03-01,"5,734.2 ",2328772.1
Miscellaneous Goods and Services,سلع وخدمات متنوعة,2020-04-01,"3,570.8 ",1324488.1
Miscellaneous Goods and Services,سلع وخدمات متنوعة,2020-05-01,"4,667.6 ",1674868.4
Miscellaneous Goods and Services,سلع وخدمات متنوعة,2020-06-01,"6,634.6 ",2818807.8
Miscellaneous Goods and Services,سلع وخدمات متنوعة,2020-07-01,"8,480.8 ",2424150.3
Miscellaneous Goods and Services,سلع وخدمات متنوعة,2020-08-01,"8,582.1 ",2242393.1
Miscellaneous Goods and Services,سلع وخدمات متنوعة,2020-09-01,"10,734.5 ",2664892.6
Miscellaneous Goods and Services,سلع وخدمات متنوعة,2020-10-01,"13,059.4 ",2605509.0
Miscellaneous Goods and Services,سلع وخدمات متنوعة,2020-11-01,"15,483.7 ",2703378.2
Miscellaneous Goods and Services,سلع وخدمات متنوعة,2020-12-01,"19,717.4 ",3179503.3
Miscellaneous Goods and Services,سلع وخدمات متنوعة,2021-01-01,"22,753.0 ",3077263.9
Electronic & Electric Devices ,الأجهزة الإلكترونية والكهربائية,2016-01-01,842.4 ,822679.1
Electronic & Electric Devices ,الأجهزة الإلكترونية والكهربائية,2016-02-01,820.4 ,804887.7
Electronic & Electric Devices ,الأجهزة الإلكترونية والكهربائية,2016-03-01,890.8 ,949084.7
Electronic & Electric Devices ,الأجهزة الإلكترونية والكهربائية,2016-04-01,862.5 ,909281.5
Electronic & Electric Devices ,الأجهزة الإلكترونية والكهربائية,2016-05-01,"1,029.5 ",1112796.4
Electronic & Electric Devices ,الأجهزة الإلكترونية والكهربائية,2016-06-01,967.5 ,934277.3
Electronic & Electric Devices ,الأجهزة الإلكترونية والكهربائية,2016-07-01,753.0 ,706316.1
Electronic & Electric Devices ,الأجهزة الإلكترونية والكهربائية,2016-08-01,895.3 ,862491.9
Electronic & Electric Devices ,الأجهزة الإلكترونية والكهربائية,2016-09-01,789.7 ,677037.7
Electronic & Electric Devices ,الأجهزة الإلكترونية والكهربائية,2016-10-01,920.0 ,836629.5
Electronic & Electric Devices ,الأجهزة الإلكترونية والكهربائية,2016-11-01,975.1 ,801207.8
Electronic & Electric Devices ,الأجهزة الإلكترونية والكهربائية,2016-12-01,996.4 ,803429.7
Electronic & Electric Devices ,الأجهزة الإلكترونية والكهربائية,2017-01-01,976.7 ,786050.7
Electronic & Electric Devices ,الأجهزة الإلكترونية والكهربائية,2017-02-01,922.9 ,707090.2
Electronic & Electric Devices ,الأجهزة الإلكترونية والكهربائية,2017-03-01,"1,169.8 ",848581.3
Electronic & Electric Devices ,الأجهزة الإلكترونية والكهربائية,2017-04-01,"1,170.9 ",886876.2
Electronic & Electric Devices ,الأجهزة الإلكترونية والكهربائية,2017-05-01,"1,332.2 ",1014775.4
Electronic & Electric Devices ,الأجهزة الإلكترونية والكهربائية,2017-06-01,"1,009.3 ",689352.5
Electronic & Electric Devices ,الأجهزة الإلكترونية والكهربائية,2017-07-01,"1,070.3 ",795509.2
Electronic & Electric Devices ,الأجهزة الإلكترونية والكهربائية,2017-08-01,"1,202.3 ",823304.7
Electronic & Electric Devices ,الأجهزة الإلكترونية والكهربائية,2017-09-01,987.5 ,645098.1
Electronic & Electric Devices ,الأجهزة الإلكترونية والكهربائية,2017-10-01,"1,219.0 ",817229.7
Electronic & Electric Devices ,الأجهزة الإلكترونية والكهربائية,2017-11-01,"1,311.1 ",838026.3
Electronic & Electric Devices ,الأجهزة الإلكترونية والكهربائية,2017-12-01,"1,338.9 ",1021036.7
Electronic & Electric Devices ,الأجهزة الإلكترونية والكهربائية,2018-01-01,"1,215.5 ",695050.6
Electronic & Electric Devices ,الأجهزة الإلكترونية والكهربائية,2018-02-01,"1,146.5 ",674726.2
Electronic & Electric Devices ,الأجهزة الإلكترونية والكهربائية,2018-03-01,"1,394.9 ",877811.4
Electronic & Electric Devices ,الأجهزة الإلكترونية والكهربائية,2018-04-01,"1,308.1 ",845092.9
Electronic & Electric Devices ,الأجهزة الإلكترونية والكهربائية,2018-05-01,"1,458.0 ",921688.8
Electronic & Electric Devices ,الأجهزة الإلكترونية والكهربائية,2018-06-01,"1,139.1 ",650779.8
Electronic & Electric Devices ,الأجهزة الإلكترونية والكهربائية,2018-07-01,"1,284.8 ",790603.3
Electronic & Electric Devices ,الأجهزة الإلكترونية والكهربائية,2018-08-01,"1,001.2 ",617426.0
Electronic & Electric Devices ,الأجهزة الإلكترونية والكهربائية,2018-09-01,"1,066.2 ",673096.9
Electronic & Electric Devices ,الأجهزة الإلكترونية والكهربائية,2018-10-01,"1,141.1 ",687044.6
Electronic & Electric Devices ,الأجهزة الإلكترونية والكهربائية,2018-11-01,"1,099.2 ",628124.4
Electronic & Electric Devices ,الأجهزة الإلكترونية والكهربائية,2018-12-01,"1,205.0 ",695351.4
Electronic & Electric Devices ,الأجهزة الإلكترونية والكهربائية,2019-01-01,"1,241.9 ",676315.3
Electronic & Electric Devices ,الأجهزة الإلكترونية والكهربائية,2019-02-01,"1,117.1 ",631281.9
Electronic & Electric Devices ,الأجهزة الإلكترونية والكهربائية,2019-03-01,"1,357.8 ",786550.2
Electronic & Electric Devices ,الأجهزة الإلكترونية والكهربائية,2019-04-01,"1,388.1 ",865057.7
Electronic & Electric Devices ,الأجهزة الإلكترونية والكهربائية,2019-05-01,"1,638.6 ",992138.4
Electronic & Electric Devices ,الأجهزة الإلكترونية والكهربائية,2019-06-01,"1,424.4 ",832193.9
Electronic & Electric Devices ,الأجهزة الإلكترونية والكهربائية,2019-07-01,"1,703.2 ",1039371.3
Electronic & Electric Devices ,الأجهزة الإلكترونية والكهربائية,2019-08-01,"1,633.3 ",868761.5
Electronic & Electric Devices ,الأجهزة الإلكترونية والكهربائية,2019-09-01,"1,792.5 ",1032223.7
Electronic & Electric Devices ,الأجهزة الإلكترونية والكهربائية,2019-10-01,"1,967.2 ",1133987.4
Electronic & Electric Devices ,الأجهزة الإلكترونية والكهربائية,2019-11-01,"2,167.3 ",1265138.6
Electronic & Electric Devices ,الأجهزة الإلكترونية والكهربائية,2019-12-01,"1,983.2 ",1068115.2
Electronic & Electric Devices ,الأجهزة الإلكترونية والكهربائية,2020-01-01,"1,937.4 ",1003950.3
Electronic & Electric Devices ,الأجهزة الإلكترونية والكهربائية,2020-02-01,"1,885.5 ",1049466.9
Electronic & Electric Devices ,الأجهزة الإلكترونية والكهربائية,2020-03-01,"1,963.3 ",1088074.6
Electronic & Electric Devices ,الأجهزة الإلكترونية والكهربائية,2020-04-01,"1,365.4 ",596740.9
Electronic & Electric Devices ,الأجهزة الإلكترونية والكهربائية,2020-05-01,"1,987.2 ",1032395.9
Electronic & Electric Devices ,الأجهزة الإلكترونية والكهربائية,2020-06-01,"2,932.9 ",2268706.0
Electronic & Electric Devices ,الأجهزة الإلكترونية والكهربائية,2020-07-01,"2,599.5 ",1059495.1
Electronic & Electric Devices ,الأجهزة الإلكترونية والكهربائية,2020-08-01,"2,591.9 ",1163198.6
Electronic & Electric Devices ,الأجهزة الإلكترونية والكهربائية,2020-09-01,"2,937.4 ",1337175.5
Electronic & Electric Devices ,الأجهزة الإلكترونية والكهربائية,2020-10-01,"2,931.4 ",1288039.4
Electronic & Electric Devices ,الأجهزة الإلكترونية والكهربائية,2020-11-01,"3,113.1 ",1498924.4
Electronic & Electric Devices ,الأجهزة الإلكترونية والكهربائية,2020-12-01,"2,981.5 ",1324599.3
Electronic & Electric Devices ,الأجهزة الإلكترونية والكهربائية,2021-01-01,"2,905.6 ",1246099.8
Furniture,الأثاث,2016-01-01,669.6 ,662398.2
Furniture,الأثاث,2016-02-01,570.8 ,591979.7
Furniture,الأثاث,2016-03-01,633.2 ,694419.8
Furniture,الأثاث,2016-04-01,635.6 ,684701.7
Furniture,الأثاث,2016-05-01,749.3 ,825162.1
Furniture,الأثاث,2016-06-01,713.4 ,743627.4
Furniture,الأثاث,2016-07-01,526.0 ,524190.9
Furniture,الأثاث,2016-08-01,616.4 ,673660.4
Furniture,الأثاث,2016-09-01,597.3 ,552376.5
Furniture,الأثاث,2016-10-01,668.7 ,615967.5
Furniture,الأثاث,2016-11-01,698.9 ,667170.5
Furniture,الأثاث,2016-12-01,753.7 ,721645.5
Furniture,الأثاث,2017-01-01,735.0 ,666593.9
Furniture,الأثاث,2017-02-01,598.6 ,538217.8
Furniture,الأثاث,2017-03-01,690.0 ,627695.7
Furniture,الأثاث,2017-04-01,729.3 ,688699.1
Furniture,الأثاث,2017-05-01,859.5 ,769674.8
Furniture,الأثاث,2017-06-01,756.9 ,629108.6
Furniture,الأثاث,2017-07-01,664.2 ,639540.6
Furniture,الأثاث,2017-08-01,791.4 ,692413.6
Furniture,الأثاث,2017-09-01,698.7 ,563999.1
Furniture,الأثاث,2017-10-01,837.2 ,687909.6
Furniture,الأثاث,2017-11-01,872.2 ,752893.0
Furniture,الأثاث,2017-12-01,"1,077.3 ",1064922.4
Furniture,الأثاث,2018-01-01,839.6 ,598925.6
Furniture,الأثاث,2018-02-01,808.0 ,610202.0
Furniture,الأثاث,2018-03-01,"1,049.7 ",820057.0
Furniture,الأثاث,2018-04-01,"1,026.5 ",837615.8
Furniture,الأثاث,2018-05-01,"1,162.9 ",937939.9
Furniture,الأثاث,2018-06-01,975.2 ,681696.2
Furniture,الأثاث,2018-07-01,"1,073.2 ",838897.8
Furniture,الأثاث,2018-08-01,"1,044.4 ",713819.7
Furniture,الأثاث,2018-09-01,"1,068.9 ",745206.6
Furniture,الأثاث,2018-10-01,"1,138.7 ",772316.7
Furniture,الأثاث,2018-11-01,"1,176.8 ",822763.1
Furniture,الأثاث,2018-12-01,"1,399.3 ",991808.0
Furniture,الأثاث,2019-01-01,"1,235.2 ",802069.9
Furniture,الأثاث,2019-02-01,"1,116.4 ",736377.7
Furniture,الأثاث,2019-03-01,"1,415.2 ",967105.0
Furniture,الأثاث,2019-04-01,"1,549.7 ",1061816.1
Furniture,الأثاث,2019-05-01,"1,671.0 ",1080166.3
Furniture,الأثاث,2019-06-01,"1,220.9 ",720435.2
Furniture,الأثاث,2019-07-01,"1,530.5 ",976377.1
Furniture,الأثاث,2019-08-01,"1,527.3 ",829737.3
Furniture,الأثاث,2019-09-01,"1,617.3 ",996060.9
Furniture,الأثاث,2019-10-01,"1,677.2 ",948695.2
Furniture,الأثاث,2019-11-01,"1,808.0 ",1054961.4
Furniture,الأثاث,2019-12-01,"2,034.7 ",1193816.2
Furniture,الأثاث,2020-01-01,"1,970.4 ",1004331.7
Furniture,الأثاث,2020-02-01,"1,772.0 ",948118.3
Furniture,الأثاث,2020-03-01,"1,453.3 ",808251.8
Furniture,الأثاث,2020-04-01,784.2 ,318437.7
Furniture,الأثاث,2020-05-01,"1,794.8 ",842236.0
Furniture,الأثاث,2020-06-01,"2,856.2 ",2192985.4
Furniture,الأثاث,2020-07-01,"2,993.1 ",1210277.6
Furniture,الأثاث,2020-08-01,"2,560.7 ",1115366.4
Furniture,الأثاث,2020-09-01,"2,951.8 ",1407799.8
Furniture,الأثاث,2020-10-01,"3,080.8 ",1328186.2
Furniture,الأثاث,2020-11-01,"3,190.6 ",1488631.2
Furniture,الأثاث,2020-12-01,"3,759.6 ",1694837.8
Furniture,الأثاث,2021-01-01,"3,500.6 ",1411945.7
Construction & Building Materials,مواد التشييد والبناء,2016-01-01,435.3 ,938653.2
Construction & Building Materials,مواد التشييد والبناء,2016-02-01,427.6 ,920272.9
Construction & Building Materials,مواد التشييد والبناء,2016-03-01,468.5 ,1048414.9
Construction & Building Materials,مواد التشييد والبناء,2016-04-01,464.2 ,1000533.1
Construction & Building Materials,مواد التشييد والبناء,2016-05-01,543.6 ,1100107.5
Construction & Building Materials,مواد التشييد والبناء,2016-06-01,451.0 ,723522.9
Construction & Building Materials,مواد التشييد والبناء,2016-07-01,372.0 ,681783.8
Construction & Building Materials,مواد التشييد والبناء,2016-08-01,483.3 ,929793.1
Construction & Building Materials,مواد التشييد والبناء,2016-09-01,383.4 ,658903.6
Construction & Building Materials,مواد التشييد والبناء,2016-10-01,499.8 ,862500.8
Construction & Building Materials,مواد التشييد والبناء,2016-11-01,533.7 ,894559.0
Construction & Building Materials,مواد التشييد والبناء,2016-12-01,558.7 ,936241.9
Construction & Building Materials,مواد التشييد والبناء,2017-01-01,558.5 ,950406.9
Construction & Building Materials,مواد التشييد والبناء,2017-02-01,504.9 ,818256.8
Construction & Building Materials,مواد التشييد والبناء,2017-03-01,620.1 ,959234.9
Construction & Building Materials,مواد التشييد والبناء,2017-04-01,654.7 ,1034236.5
Construction & Building Materials,مواد التشييد والبناء,2017-05-01,700.6 ,988872.2
Construction & Building Materials,مواد التشييد والبناء,2017-06-01,463.7 ,525903.6
Construction & Building Materials,مواد التشييد والبناء,2017-07-01,567.8 ,870306.9
Construction & Building Materials,مواد التشييد والبناء,2017-08-01,624.7 ,859477.2
Construction & Building Materials,مواد التشييد والبناء,2017-09-01,507.5 ,694420.5
Construction & Building Materials,مواد التشييد والبناء,2017-10-01,651.5 ,902942.4
Construction & Building Materials,مواد التشييد والبناء,2017-11-01,695.5 ,903646.7
Construction & Building Materials,مواد التشييد والبناء,2017-12-01,792.1 ,1236178.1
Construction & Building Materials,مواد التشييد والبناء,2018-01-01,689.5 ,786434.2
Construction & Building Materials,مواد التشييد والبناء,2018-02-01,644.8 ,782345.8
Construction & Building Materials,مواد التشييد والبناء,2018-03-01,790.2 ,977079.1
Construction & Building Materials,مواد التشييد والبناء,2018-04-01,803.5 ,999050.1
Construction & Building Materials,مواد التشييد والبناء,2018-05-01,817.9 ,866117.8
Construction & Building Materials,مواد التشييد والبناء,2018-06-01,642.9 ,604075.6
Construction & Building Materials,مواد التشييد والبناء,2018-07-01,799.2 ,914678.9
Construction & Building Materials,مواد التشييد والبناء,2018-08-01,764.8 ,791324.5
Construction & Building Materials,مواد التشييد والبناء,2018-09-01,792.7 ,863542.6
Construction & Building Materials,مواد التشييد والبناء,2018-10-01,912.3 ,950249.5
Construction & Building Materials,مواد التشييد والبناء,2018-11-01,940.4 ,913216.2
Construction & Building Materials,مواد التشييد والبناء,2018-12-01,"1,071.2 ",1069500.0
Construction & Building Materials,مواد التشييد والبناء,2019-01-01,"1,023.4 ",1016552.2
Construction & Building Materials,مواد التشييد والبناء,2019-02-01,964.7 ,971787.7
Construction & Building Materials,مواد التشييد والبناء,2019-03-01,"1,180.6 ",1166672.0
Construction & Building Materials,مواد التشييد والبناء,2019-04-01,"1,235.2 ",1202743.6
Construction & Building Materials,مواد التشييد والبناء,2019-05-01,"1,194.6 ",914062.8
Construction & Building Materials,مواد التشييد والبناء,2019-06-01,"1,021.6 ",872064.2
Construction & Building Materials,مواد التشييد والبناء,2019-07-01,"1,311.6 ",1157338.3
Construction & Building Materials,مواد التشييد والبناء,2019-08-01,"1,186.2 ",905329.0
Construction & Building Materials,مواد التشييد والبناء,2019-09-01,"1,328.3 ",1097270.2
Construction & Building Materials,مواد التشييد والبناء,2019-10-01,"1,535.4 ",1209676.6
Construction & Building Materials,مواد التشييد والبناء,2019-11-01,"1,632.7 ",1224933.2
Construction & Building Materials,مواد التشييد والبناء,2019-12-01,"1,773.2 ",1410387.2
Construction & Building Materials,مواد التشييد والبناء,2020-01-01,"1,743.1 ",1330863.5
Construction & Building Materials,مواد التشييد والبناء,2020-02-01,"1,731.5 ",1373984.0
Construction & Building Materials,مواد التشييد والبناء,2020-03-01,"1,947.4 ",1529520.2
Construction & Building Materials,مواد التشييد والبناء,2020-04-01,"1,480.2 ",739832.3
Construction & Building Materials,مواد التشييد والبناء,2020-05-01,"1,736.3 ",930209.2
Construction & Building Materials,مواد التشييد والبناء,2020-06-01,"3,097.5 ",3029934.5
Construction & Building Materials,مواد التشييد والبناء,2020-07-01,"2,898.1 ",1304793.3
Construction & Building Materials,مواد التشييد والبناء,2020-08-01,"2,677.0 ",1352273.3
Construction & Building Materials,مواد التشييد والبناء,2020-09-01,"2,895.7 ",1495657.9
Construction & Building Materials,مواد التشييد والبناء,2020-10-01,"3,152.1 ",1571106.1
Construction & Building Materials,مواد التشييد والبناء,2020-11-01,"3,265.1 ",1642005.9
Construction & Building Materials,مواد التشييد والبناء,2020-12-01,"3,542.1 ",1815442.6
Construction & Building Materials,مواد التشييد والبناء,2021-01-01,"3,393.6 ",1687722.4
Jewelry,المجوهرات,2016-01-01,472.2 ,990634.6
Jewelry,المجوهرات,2016-02-01,401.9 ,850520.3
Jewelry,المجوهرات,2016-03-01,499.8 ,1040552.2
Jewelry,المجوهرات,2016-04-01,455.1 ,968106.0
Jewelry,المجوهرات,2016-05-01,576.3 ,1117546.4
Jewelry,المجوهرات,2016-06-01,721.8 ,1301553.6
Jewelry,المجوهرات,2016-07-01,595.6 ,1109025.4
Jewelry,المجوهرات,2016-08-01,462.9 ,858030.3
Jewelry,المجوهرات,2016-09-01,442.9 ,759850.7
Jewelry,المجوهرات,2016-10-01,389.4 ,723979.3
Jewelry,المجوهرات,2016-11-01,435.1 ,779637.4
Jewelry,المجوهرات,2016-12-01,517.1 ,984791.2
Jewelry,المجوهرات,2017-01-01,558.6 ,1001591.6
Jewelry,المجوهرات,2017-02-01,445.8 ,801153.9
Jewelry,المجوهرات,2017-03-01,632.5 ,1065410.2
Jewelry,المجوهرات,2017-04-01,550.0 ,926038.4
Jewelry,المجوهرات,2017-05-01,675.5 ,1056174.7
Jewelry,المجوهرات,2017-06-01,"1,027.9 ",1618662.8
Jewelry,المجوهرات,2017-07-01,492.9 ,895011.9
Jewelry,المجوهرات,2017-08-01,592.3 ,931876.3
Jewelry,المجوهرات,2017-09-01,401.3 ,657139.0
Jewelry,المجوهرات,2017-10-01,446.0 ,775608.6
Jewelry,المجوهرات,2017-11-01,460.5 ,777533.8
Jewelry,المجوهرات,2017-12-01,578.4 ,1210318.4
Jewelry,المجوهرات,2018-01-01,499.0 ,737895.9
Jewelry,المجوهرات,2018-02-01,452.9 ,728601.5
Jewelry,المجوهرات,2018-03-01,639.9 ,1049684.6
Jewelry,المجوهرات,2018-04-01,616.9 ,964864.4
Jewelry,المجوهرات,2018-05-01,761.5 ,1186432.6
Jewelry,المجوهرات,2018-06-01,"1,028.4 ",1548046.9
Jewelry,المجوهرات,2018-07-01,592.6 ,942968.0
Jewelry,المجوهرات,2018-08-01,671.6 ,1023998.8
Jewelry,المجوهرات,2018-09-01,478.7 ,715843.9
Jewelry,المجوهرات,2018-10-01,508.3 ,758489.4
Jewelry,المجوهرات,2018-11-01,537.5 ,783562.6
Jewelry,المجوهرات,2018-12-01,720.2 ,1050808.3
Jewelry,المجوهرات,2019-01-01,624.8 ,885794.1
Jewelry,المجوهرات,2019-02-01,574.5 ,853893.2
Jewelry,المجوهرات,2019-03-01,798.3 ,1189577.6
Jewelry,المجوهرات,2019-04-01,800.8 ,1130410.0
Jewelry,المجوهرات,2019-05-01,"1,236.5 ",1733235.1
Jewelry,المجوهرات,2019-06-01,910.0 ,1181050.5
Jewelry,المجوهرات,2019-07-01,726.5 ,882539.5
Jewelry,المجوهرات,2019-08-01,768.0 ,864090.6
Jewelry,المجوهرات,2019-09-01,576.7 ,716881.0
Jewelry,المجوهرات,2019-10-01,624.6 ,803757.8
Jewelry,المجوهرات,2019-11-01,647.3 ,852607.6
Jewelry,المجوهرات,2019-12-01,775.0 ,1026820.4
Jewelry,المجوهرات,2020-01-01,763.2 ,961003.7
Jewelry,المجوهرات,2020-02-01,685.3 ,900918.0
Jewelry,المجوهرات,2020-03-01,423.2 ,508739.5
Jewelry,المجوهرات,2020-04-01,152.2 ,100490.2
Jewelry,المجوهرات,2020-05-01,707.8 ,965424.5
Jewelry,المجوهرات,2020-06-01,"1,051.6 ",2126401.0
Jewelry,المجوهرات,2020-07-01,852.3 ,917725.5
Jewelry,المجوهرات,2020-08-01,615.0 ,692711.4
Jewelry,المجوهرات,2020-09-01,711.6 ,796903.7
Jewelry,المجوهرات,2020-10-01,732.8 ,870998.5
Jewelry,المجوهرات,2020-11-01,740.1 ,915165.0
Jewelry,المجوهرات,2020-12-01,880.5 ,1086820.5
Jewelry,المجوهرات,2021-01-01,842.8 ,1075270.8
Telecommunication,الاتصالات,2016-01-01,212.1 ,142180.9
Telecommunication,الاتصالات,2016-02-01,188.8 ,116438.0
Telecommunication,الاتصالات,2016-03-01,216.7 ,133246.9
Telecommunication,الاتصالات,2016-04-01,218.1 ,126762.7
Telecommunication,الاتصالات,2016-05-01,263.3 ,159364.0
Telecommunication,الاتصالات,2016-06-01,234.7 ,148368.4
Telecommunication,الاتصالات,2016-07-01,203.6 ,111266.3
Telecommunication,الاتصالات,2016-08-01,234.6 ,130845.2
Telecommunication,الاتصالات,2016-09-01,228.7 ,125633.2
Telecommunication,الاتصالات,2016-10-01,273.0 ,162913.3
Telecommunication,الاتصالات,2016-11-01,310.5 ,170746.9
Telecommunication,الاتصالات,2016-12-01,339.4 ,191237.3
Telecommunication,الاتصالات,2017-01-01,340.4 ,197940.6
Telecommunication,الاتصالات,2017-02-01,290.9 ,163205.7
Telecommunication,الاتصالات,2017-03-01,339.7 ,169643.2
Telecommunication,الاتصالات,2017-04-01,340.6 ,169107.7
Telecommunication,الاتصالات,2017-05-01,360.1 ,190325.0
Telecommunication,الاتصالات,2017-06-01,306.8 ,183437.2
Telecommunication,الاتصالات,2017-07-01,351.5 ,174427.4
Telecommunication,الاتصالات,2017-08-01,354.1 ,169261.8
Telecommunication,الاتصالات,2017-09-01,286.1 ,121648.0
Telecommunication,الاتصالات,2017-10-01,362.2 ,159811.1
Telecommunication,الاتصالات,2017-11-01,366.6 ,186678.9
Telecommunication,الاتصالات,2017-12-01,399.1 ,203438.3
Telecommunication,الاتصالات,2018-01-01,371.9 ,168704.2
Telecommunication,الاتصالات,2018-02-01,330.0 ,139424.9
Telecommunication,الاتصالات,2018-03-01,411.0 ,172581.7
Telecommunication,الاتصالات,2018-04-01,393.9 ,161698.3
Telecommunication,الاتصالات,2018-05-01,412.0 ,184062.1
Telecommunication,الاتصالات,2018-06-01,389.0 ,164460.3
Telecommunication,الاتصالات,2018-07-01,458.0 ,166760.6
Telecommunication,الاتصالات,2018-08-01,401.1 ,147174.6
Telecommunication,الاتصالات,2018-09-01,431.1 ,142405.8
Telecommunication,الاتصالات,2018-10-01,467.5 ,164682.6
Telecommunication,الاتصالات,2018-11-01,462.8 ,161924.0
Telecommunication,الاتصالات,2018-12-01,500.7 ,172324.2
Telecommunication,الاتصالات,2019-01-01,480.8 ,157581.5
Telecommunication,الاتصالات,2019-02-01,429.4 ,129559.5
Telecommunication,الاتصالات,2019-03-01,516.0 ,159813.4
Telecommunication,الاتصالات,2019-04-01,464.4 ,154405.3
Telecommunication,الاتصالات,2019-05-01,556.7 ,192873.0
Telecommunication,الاتصالات,2019-06-01,452.0 ,139261.7
Telecommunication,الاتصالات,2019-07-01,551.1 ,154727.3
Telecommunication,الاتصالات,2019-08-01,516.4 ,138939.7
Telecommunication,الاتصالات,2019-09-01,548.3 ,146983.7
Telecommunication,الاتصالات,2019-10-01,624.6 ,195767.9
Telecommunication,الاتصالات,2019-11-01,539.4 ,155886.8
Telecommunication,الاتصالات,2019-12-01,589.2 ,171597.3
Telecommunication,الاتصالات,2020-01-01,575.2 ,159906.7
Telecommunication,الاتصالات,2020-02-01,546.0 ,138739.2
Telecommunication,الاتصالات,2020-03-01,543.4 ,153645.0
Telecommunication,الاتصالات,2020-04-01,386.2 ,127181.6
Telecommunication,الاتصالات,2020-05-01,696.7 ,251311.1
Telecommunication,الاتصالات,2020-06-01,987.4 ,349905.7
Telecommunication,الاتصالات,2020-07-01,"1,011.3 ",239712.1
Telecommunication,الاتصالات,2020-08-01,971.4 ,236409.3
Telecommunication,الاتصالات,2020-09-01,"1,175.8 ",286317.3
Telecommunication,الاتصالات,2020-10-01,"1,079.3 ",259868.1
Telecommunication,الاتصالات,2020-11-01,"1,152.9 ",303830.4
Telecommunication,الاتصالات,2020-12-01,"1,331.3 ",344736.2
Telecommunication,الاتصالات,2021-01-01,"1,333.8 ",328154.8
Education,التعليم,2016-01-01,106.8 ,570268.4
Education,التعليم,2016-02-01,97.1 ,366526.1
Education,التعليم,2016-03-01,93.1 ,338307.4
Education,التعليم,2016-04-01,98.0 ,389585.3
Education,التعليم,2016-05-01,114.5 ,532452.1
Education,التعليم,2016-06-01,57.8 ,188969.2
Education,التعليم,2016-07-01,36.0 ,75837.6
Education,التعليم,2016-08-01,64.5 ,288487.8
Education,التعليم,2016-09-01,187.2 ,1143966.9
Education,التعليم,2016-10-01,109.6 ,397629.7
Education,التعليم,2016-11-01,81.4 ,262775.4
Education,التعليم,2016-12-01,96.7 ,318430.2
Education,التعليم,2017-01-01,98.2 ,415813.5
Education,التعليم,2017-02-01,150.2 ,699394.3
Education,التعليم,2017-03-01,127.1 ,447250.4
Education,التعليم,2017-04-01,122.6 ,438878.0
Education,التعليم,2017-05-01,144.9 ,622156.3
Education,التعليم,2017-06-01,41.5 ,119852.6
Education,التعليم,2017-07-01,57.7 ,129142.0
Education,التعليم,2017-08-01,67.1 ,256047.9
Education,التعليم,2017-09-01,258.1 ,1407826.6
Education,التعليم,2017-10-01,141.9 ,511371.8
Education,التعليم,2017-11-01,120.0 ,411624.7
Education,التعليم,2017-12-01,160.6 ,818294.9
Education,التعليم,2018-01-01,142.8 ,531382.2
Education,التعليم,2018-02-01,117.4 ,348034.3
Education,التعليم,2018-03-01,140.1 ,436688.3
Education,التعليم,2018-04-01,146.2 ,480891.1
Education,التعليم,2018-05-01,135.3 ,478057.0
Education,التعليم,2018-06-01,63.1 ,114721.6
Education,التعليم,2018-07-01,87.8 ,180424.9
Education,التعليم,2018-08-01,166.1 ,793538.9
Education,التعليم,2018-09-01,311.3 ,1384111.8
Education,التعليم,2018-10-01,165.8 ,441496.4
Education,التعليم,2018-11-01,153.7 ,390690.2
Education,التعليم,2018-12-01,164.0 ,519816.4
Education,التعليم,2019-01-01,260.9 ,1040591.1
Education,التعليم,2019-02-01,170.6 ,486098.3
Education,التعليم,2019-03-01,208.4 ,593100.1
Education,التعليم,2019-04-01,210.9 ,693245.3
Education,التعليم,2019-05-01,126.2 ,338580.9
Education,التعليم,2019-06-01,110.2 ,158873.3
Education,التعليم,2019-07-01,138.3 ,250217.0
Education,التعليم,2019-08-01,291.7 ,1248276.3
Education,التعليم,2019-09-01,402.8 ,1451716.5
Education,التعليم,2019-10-01,256.0 ,491252.7
Education,التعليم,2019-11-01,234.0 ,418330.5
Education,التعليم,2019-12-01,259.8 ,591583.3
Education,التعليم,2020-01-01,313.1 ,1038907.5
Education,التعليم,2020-02-01,267.6 ,561335.5
Education,التعليم,2020-03-01,142.6 ,302522.2
Education,التعليم,2020-04-01,35.7 ,71887.9
Education,التعليم,2020-05-01,56.7 ,159295.9
Education,التعليم,2020-06-01,126.5 ,355009.1
Education,التعليم,2020-07-01,128.8 ,217905.0
Education,التعليم,2020-08-01,323.8 ,1312220.5
Education,التعليم,2020-09-01,264.3 ,697612.5
Education,التعليم,2020-10-01,190.6 ,288034.7
Education,التعليم,2020-11-01,191.8 ,272593.9
Education,التعليم,2020-12-01,222.4 ,408173.6
Education,التعليم,2021-01-01,293.6 ,916459.4
Public Utilities,المنافع العامة,2016-01-01,200.5 ,133130.1
Public Utilities,المنافع العامة,2016-02-01,195.9 ,135638.0
Public Utilities,المنافع العامة,2016-03-01,222.3 ,149672.7
Public Utilities,المنافع العامة,2016-04-01,203.4 ,131708.8
Public Utilities,المنافع العامة,2016-05-01,249.9 ,164624.5
Public Utilities,المنافع العامة,2016-06-01,236.1 ,148408.7
Public Utilities,المنافع العامة,2016-07-01,216.6 ,124527.1
Public Utilities,المنافع العامة,2016-08-01,249.4 ,162533.9
Public Utilities,المنافع العامة,2016-09-01,223.2 ,121228.5
Public Utilities,المنافع العامة,2016-10-01,290.7 ,171268.6
Public Utilities,المنافع العامة,2016-11-01,287.8 ,162539.6
Public Utilities,المنافع العامة,2016-12-01,301.3 ,156327.7
Public Utilities,المنافع العامة,2017-01-01,299.7 ,143962.6
Public Utilities,المنافع العامة,2017-02-01,279.6 ,126816.1
Public Utilities,المنافع العامة,2017-03-01,347.6 ,149188.2
Public Utilities,المنافع العامة,2017-04-01,346.6 ,152389.0
Public Utilities,المنافع العامة,2017-05-01,385.0 ,256423.8
Public Utilities,المنافع العامة,2017-06-01,213.7 ,179123.1
Public Utilities,المنافع العامة,2017-07-01,279.5 ,230824.0
Public Utilities,المنافع العامة,2017-08-01,315.9 ,255379.9
Public Utilities,المنافع العامة,2017-09-01,263.8 ,206282.4
Public Utilities,المنافع العامة,2017-10-01,351.3 ,277621.8
Public Utilities,المنافع العامة,2017-11-01,353.0 ,261556.7
Public Utilities,المنافع العامة,2017-12-01,385.0 ,300164.1
Public Utilities,المنافع العامة,2018-01-01,441.8 ,253704.7
Public Utilities,المنافع العامة,2018-02-01,450.7 ,234069.7
Public Utilities,المنافع العامة,2018-03-01,522.1 ,272475.4
Public Utilities,المنافع العامة,2018-04-01,518.9 ,244779.8
Public Utilities,المنافع العامة,2018-05-01,539.4 ,231746.6
Public Utilities,المنافع العامة,2018-06-01,451.1 ,166583.1
Public Utilities,المنافع العامة,2018-07-01,571.3 ,206824.7
Public Utilities,المنافع العامة,2018-08-01,563.3 ,174771.4
Public Utilities,المنافع العامة,2018-09-01,636.3 ,198704.8
Public Utilities,المنافع العامة,2018-10-01,717.9 ,229654.3
Public Utilities,المنافع العامة,2018-11-01,751.0 ,222222.1
Public Utilities,المنافع العامة,2018-12-01,798.1 ,242290.7
Public Utilities,المنافع العامة,2019-01-01,846.1 ,247940.2
Public Utilities,المنافع العامة,2019-02-01,861.4 ,217098.3
Public Utilities,المنافع العامة,2019-03-01,"1,071.0 ",254102.1
Public Utilities,المنافع العامة,2019-04-01,"1,139.3 ",276485.3
Public Utilities,المنافع العامة,2019-05-01,"1,219.2 ",281471.5
Public Utilities,المنافع العامة,2019-06-01,"1,130.4 ",223566.0
Public Utilities,المنافع العامة,2019-07-01,"2,071.7 ",314884.8
Public Utilities,المنافع العامة,2019-08-01,"1,798.4 ",266156.0
Public Utilities,المنافع العامة,2019-09-01,"2,077.1 ",302783.5
Public Utilities,المنافع العامة,2019-10-01,"2,261.3 ",335497.1
Public Utilities,المنافع العامة,2019-11-01,"2,136.0 ",309679.5
Public Utilities,المنافع العامة,2019-12-01,"2,137.2 ",316192.8
Public Utilities,المنافع العامة,2020-01-01,"2,070.9 ",295711.3
Public Utilities,المنافع العامة,2020-02-01,"2,074.1 ",282305.3
Public Utilities,المنافع العامة,2020-03-01,"1,655.6 ",248637.9
Public Utilities,المنافع العامة,2020-04-01,969.4 ,153411.7
Public Utilities,المنافع العامة,2020-05-01,"1,243.4 ",217155.2
Public Utilities,المنافع العامة,2020-06-01,"1,924.6 ",393433.8
Public Utilities,المنافع العامة,2020-07-01,"2,411.3 ",293915.7
Public Utilities,المنافع العامة,2020-08-01,"2,540.0 ",296228.6
Public Utilities,المنافع العامة,2020-09-01,"2,748.5 ",336781.5
Public Utilities,المنافع العامة,2020-10-01,"2,543.8 ",303819.8
Public Utilities,المنافع العامة,2020-11-01,"2,356.3 ",287684.6
Public Utilities,المنافع العامة,2020-12-01,"2,526.8 ",301412.0
Public Utilities,المنافع العامة,2021-01-01,"2,675.9 ",301858.1
Other,أخرى,2016-01-01,"3,839.0 ",1115567.6
Other,أخرى,2016-02-01,"3,528.1 ",1019628.9
Other,أخرى,2016-03-01,"3,939.1 ",1192363.3
Other,أخرى,2016-04-01,"3,864.7 ",1155333.0
Other,أخرى,2016-05-01,"4,679.7 ",1514000.2
Other,أخرى,2016-06-01,"4,991.8 ",1445924.0
Other,أخرى,2016-07-01,"3,872.3 ",1055545.7
Other,أخرى,2016-08-01,"4,247.5 ",1247796.6
Other,أخرى,2016-09-01,"4,457.5 ",1157352.8
Other,أخرى,2016-10-01,"4,656.0 ",1181155.1
Other,أخرى,2016-11-01,"5,054.6 ",1231801.5
Other,أخرى,2016-12-01,"5,348.0 ",1314392.1
Other,أخرى,2017-01-01,"5,416.1 ",1277546.9
Other,أخرى,2017-02-01,"4,895.1 ",1140794.3
Other,أخرى,2017-03-01,"3,499.6 ",1329203.8
Other,أخرى,2017-04-01,"3,517.0 ",1428016.2
Other,أخرى,2017-05-01,"4,351.6 ",1651325.5
Other,أخرى,2017-06-01,"6,346.7 ",1348876.1
Other,أخرى,2017-07-01,"5,221.9 ",1205436.8
Other,أخرى,2017-08-01,"6,284.3 ",1387887.4
Other,أخرى,2017-09-01,"5,737.0 ",1172195.1
Other,أخرى,2017-10-01,"6,382.2 ",1310026.4
Other,أخرى,2017-11-01,"6,588.9 ",1290160.8
Other,أخرى,2017-12-01,"7,060.1 ",1602995.7
Other,أخرى,2018-01-01,"6,928.1 ",1250584.8
Other,أخرى,2018-02-01,"6,782.6 ",1205813.3
Other,أخرى,2018-03-01,"8,282.9 ",1606657.1
Other,أخرى,2018-04-01,"8,490.6 ",1697437.3
Other,أخرى,2018-05-01,"9,742.7 ",1987068.6
Other,أخرى,2018-06-01,"8,863.1 ",1718746.9
Other,أخرى,2018-07-01,"9,107.4 ",1792036.1
Other,أخرى,2018-08-01,"9,883.4 ",1943152.2
Other,أخرى,2018-09-01,"10,301.5 ",1871396.4
Other,أخرى,2018-10-01,"11,574.7 ",2084269.6
Other,أخرى,2018-11-01,"12,087.1 ",2184364.8
Other,أخرى,2018-12-01,"13,737.8 ",2570683.3
Other,أخرى,2019-01-01,"13,033.7 ",2168834.1
Other,أخرى,2019-02-01,"11,904.9 ",1913528.2
Other,أخرى,2019-03-01,"15,082.3 ",2679986.5
Other,أخرى,2019-04-01,"15,835.0 ",2931348.6
Other,أخرى,2019-05-01,"17,886.6 ",3420845.4
Other,أخرى,2019-06-01,"10,830.1 ",2287363.0
Other,أخرى,2019-07-01,"13,634.7 ",2723152.9
Other,أخرى,2019-08-01,"17,422.6 ",2951204.3
Other,أخرى,2019-09-01,"20,107.3 ",3011663.4
Other,أخرى,2019-10-01,"23,518.2 ",3227660.2
Other,أخرى,2019-11-01,"26,200.2 ",3539143.9
Other,أخرى,2019-12-01,"29,141.6 ",3883219.0
Other,أخرى,2020-01-01,"31,601.7 ",4073723.7
Other,أخرى,2020-02-01,"31,681.6 ",3783850.8
Other,أخرى,2020-03-01,"31,166.9 ",3740085.9
Other,أخرى,2020-04-01,"22,247.8 ",2473858.0
Other,أخرى,2020-05-01,"29,344.9 ",3657739.5
Other,أخرى,2020-06-01,"40,954.7 ",5922368.1
Other,أخرى,2020-07-01,"53,417.0 ",5456834.5
Other,أخرى,2020-08-01,"54,801.4 ",5240957.3
Other,أخرى,2020-09-01,"59,796.2 ",5790765.4
Other,أخرى,2020-10-01,"64,048.7 ",5997916.0
Other,أخرى,2020-11-01,"64,287.4 ",6078247.6
Other,أخرى,2020-12-01,"68,056.8 ",6552125.7
Other,أخرى,2021-01-01,"70,271.9 ",6378652.4
Total,الإجمالي,2016-01-01,"38,692.2 ",14709223.9
Total,الإجمالي,2016-02-01,"36,435.7 ",13478708.1
Total,الإجمالي,2016-03-01,"40,522.6 ",15364729.4
Total,الإجمالي,2016-04-01,"40,782.3 ",14783145.0
Total,الإجمالي,2016-05-01,"46,328.8 ",17722748.5
Total,الإجمالي,2016-06-01,"47,604.3 ",18212899.3
Total,الإجمالي,2016-07-01,"40,052.3 ",13568342.2
Total,الإجمالي,2016-08-01,"44,259.3 ",15324002.3
Total,الإجمالي,2016-09-01,"43,062.2 ",14210119.9
Total,الإجمالي,2016-10-01,"45,746.1 ",14299630.8
Total,الإجمالي,2016-11-01,"48,930.8 ",15294632.6
Total,الإجمالي,2016-12-01,"52,153.2 ",15780496.5
Total,الإجمالي,2017-01-01,"52,213.5 ",15754351.6
Total,الإجمالي,2017-02-01,"47,419.5 ",14159895.3
Total,الإجمالي,2017-03-01,"55,266.1 ",16312754.4
Total,الإجمالي,2017-04-01,"55,466.3 ",16471483.6
Total,الإجمالي,2017-05-01,"61,152.5 ",18857800.2
Total,الإجمالي,2017-06-01,"60,737.4 ",18075795.8
Total,الإجمالي,2017-07-01,"54,433.2 ",15304211.4
Total,الإجمالي,2017-08-01,"62,728.2 ",16909260.4
Total,الإجمالي,2017-09-01,"56,276.1 ",15122606.9
Total,الإجمالي,2017-10-01,"64,271.0 ",16446967.7
Total,الإجمالي,2017-11-01,"65,979.9 ",16835678.0
Total,الإجمالي,2017-12-01,"72,175.3 ",20217022.0
Total,الإجمالي,2018-01-01,"70,458.8 ",16437259.0
Total,الإجمالي,2018-02-01,"67,726.4 ",15385632.0
Total,الإجمالي,2018-03-01,"82,519.1 ",19538417.0
Total,الإجمالي,2018-04-01,"82,452.6 ",19399555.0
Total,الإجمالي,2018-05-01,"85,957.1 ",23059987.0
Total,الإجمالي,2018-06-01,"80,210.8 ",19302456.0
Total,الإجمالي,2018-07-01,"85,535.7 ",19180375.8
Total,الإجمالي,2018-08-01,"86,873.4 ",19198793.9
Total,الإجمالي,2018-09-01,"88,534.0 ",19309486.6
Total,الإجمالي,2018-10-01,"95,900.2 ",19297195.2
Total,الإجمالي,2018-11-01,"98,443.0 ",19869043.9
Total,الإجمالي,2018-12-01,"106,907.1 ",22327623.6
Total,الإجمالي,2019-01-01,"106,357.2 ",21381143.9
Total,الإجمالي,2019-02-01,"98,994.8 ",19235192.1
Total,الإجمالي,2019-03-01,"120,774.6 ",23431926.3
Total,الإجمالي,2019-04-01,"121,526.1 ",24128728.1
Total,الإجمالي,2019-05-01,"126,950.1 ",27819738.5
Total,الإجمالي,2019-06-01,"113,896.0 ",20760253.0
Total,الإجمالي,2019-07-01,"132,533.7 ",23537532.8
Total,الإجمالي,2019-08-01,"138,025.3 ",23758511.7
Total,الإجمالي,2019-09-01,"148,471.2 ",24842705.5
Total,الإجمالي,2019-10-01,"164,206.3 ",25117701.0
Total,الإجمالي,2019-11-01,"170,308.6 ",25848842.2
Total,الإجمالي,2019-12-01,"180,958.7 ",27931981.2
Total,الإجمالي,2020-01-01,"186,144.2 ",28531600.3
Total,الإجمالي,2020-02-01,"183,334.5 ",25932325.4
Total,الإجمالي,2020-03-01,"174,502.6 ",24792559.0
Total,الإجمالي,2020-04-01,"121,834.3 ",16177319.2
Total,الإجمالي,2020-05-01,"159,386.2 ",23451812.7
Total,الإجمالي,2020-06-01,"220,800.7 ",37016394.9
Total,الإجمالي,2020-07-01,"268,319.7 ",31512580.0
Total,الإجمالي,2020-08-01,"268,505.2 ",31147101.3
Total,الإجمالي,2020-09-01,"291,970.0 ",33214672.6
Total,الإجمالي,2020-10-01,"313,553.0 ",33637906.6
Total,الإجمالي,2020-11-01,"317,918.7 ",34263994.2
Total,الإجمالي,2020-12-01,"346,595.5 ",37619700.4
Total,الإجمالي,2021-01-01,"355,954.4 ",37274404.6
