Date,Number of Transactions,Value of Transactions,English_Sector,Arabic_Sector
2016-01-31 00:00:00,1031.072,1407471.55321,Transportation,المواصلات
2016-02-29 00:00:00,1020.972,1390994.49651,Transportation,المواصلات
2016-03-31 00:00:00,1120.88,1531077.80304999,Transportation,المواصلات
2016-04-30 00:00:00,1070.849,1444012.56672,Transportation,المواصلات
2016-05-31 00:00:00,1232.427,1700633.29083999,Transportation,المواصلات
2016-06-30 00:00:00,1222.881,1809134.02102999,Transportation,المواصلات
2016-07-31 00:00:00,986.692,1350244.68915,Transportation,المواصلات
2016-08-31 00:00:00,1255.831,1765493.73646999,Transportation,المواصلات
2016-09-30 00:00:00,957.026,1144742.49468,Transportation,المواصلات
2016-10-31 00:00:00,1155.873,1340019.01296,Transportation,المواصلات
2016-11-30 00:00:00,1162.162,1317730.36503,Transportation,المواصلات
2016-12-31 00:00:00,1179.985,1364873.2333399998,Transportation,المواصلات
2017-01-31 00:00:00,1219.796,1438214.09385999,Transportation,المواصلات
2017-02-28 00:00:00,1097.122,1234039.06726,Transportation,المواصلات
2017-03-31 00:00:00,1376.043,1520568.02393999,Transportation,المواصلات
2017-04-30 00:00:00,1355.986,1435736.0286199902,Transportation,المواصلات
2017-05-31 00:00:00,1416.598,1585346.36845999,Transportation,المواصلات
2017-06-30 00:00:00,1183.787,1406979.61206,Transportation,المواصلات
2017-07-31 00:00:00,1367.582,1674537.30871,Transportation,المواصلات
2017-08-31 00:00:00,1442.724,1679047.83720999,Transportation,المواصلات
2017-09-30 00:00:00,1124.791,1133823.5504,Transportation,المواصلات
2017-10-31 00:00:00,1422.328,1478798.507,Transportation,المواصلات
2017-11-30 00:00:00,1348.743,1362277.55,Transportation,المواصلات
2017-12-31 00:00:00,1438.69,1608316.79911999,Transportation,المواصلات
2018-01-31 00:00:00,1344.055,1276285.407,Transportation,المواصلات
2018-02-28 00:00:00,1280.592,1173236.051,Transportation,المواصلات
2018-03-31 00:00:00,1565.95,1452878.102,Transportation,المواصلات
2018-04-30 00:00:00,1529.948,1428019.893,Transportation,المواصلات
2018-05-31 00:00:00,1605.617,1591663.835,Transportation,المواصلات
2018-06-30 00:00:00,1474.983,1387634.67063,Transportation,المواصلات
2018-07-31 00:00:00,1873.582,1854102.4563899902,Transportation,المواصلات
2018-08-31 00:00:00,1648.287,1408420.75048,Transportation,المواصلات
2018-09-30 00:00:00,1690.301,1391715.62174999,Transportation,المواصلات
2018-10-31 00:00:00,1834.271,1518906.13745999,Transportation,المواصلات
2018-11-30 00:00:00,1751.787,1424041.26954,Transportation,المواصلات
2018-12-31 00:00:00,1976.79,1669803.93888999,Transportation,المواصلات
2019-01-31 00:00:00,1899.077,1550703.80265999,Transportation,المواصلات
2019-02-28 00:00:00,1746.701,1389410.25634999,Transportation,المواصلات
2019-03-31 00:00:00,2086.371,1655389.90953999,Transportation,المواصلات
2019-04-30 00:00:00,2048.745,1672051.67368999,Transportation,المواصلات
2019-05-31 00:00:00,2165.553,1915379.4870999998,Transportation,المواصلات
2019-06-30 00:00:00,2142.243,1636422.86833,Transportation,المواصلات
2019-07-31 00:00:00,2588.204,2133472.61984999,Transportation,المواصلات
2019-08-31 00:00:00,2303.998,1634392.5944399901,Transportation,المواصلات
2019-09-30 00:00:00,2573.871,1879081.61300999,Transportation,المواصلات
2019-10-31 00:00:00,2788.357,1895700.35976999,Transportation,المواصلات
2019-11-30 00:00:00,2765.102,1782993.37358999,Transportation,المواصلات
2019-12-31 00:00:00,3037.424,2020525.83668999,Transportation,المواصلات
2020-01-31 00:00:00,3028.642,1924317.88362999,Transportation,المواصلات
2020-02-29 00:00:00,2985.997,1813561.3846299902,Transportation,المواصلات
2020-03-31 00:00:00,2551.894,1445158.25604999,Transportation,المواصلات
2020-04-30 00:00:00,1170.697,432091.35142,Transportation,المواصلات
2020-05-31 00:00:00,1972.944,1121251.32427,Transportation,المواصلات
2020-06-30 00:00:00,3692.958,2766397.07186,Transportation,المواصلات
2020-07-31 00:00:00,3912.342,1677233.22476999,Transportation,المواصلات
2020-08-31 00:00:00,3910.619,1700685.323,Transportation,المواصلات
2020-09-30 00:00:00,4213.741,1837171.525,Transportation,المواصلات
2020-10-31 00:00:00,4416.45,1898348.771,Transportation,المواصلات
2020-11-30 00:00:00,4444.543,1863208.77369998,Transportation,المواصلات
2020-12-31 00:00:00,4725.232,2027419.526,Transportation,المواصلات
2021-01-31 00:00:00,4740.931,1942980.72879998,Transportation,المواصلات
2021-02-28 00:00:00,4330.586,1731536.4307599799,Transportation,المواصلات
2021-03-31 00:00:00,5406.659,2127864.42155998,Transportation,المواصلات
2021-04-30 00:00:00,4992.253,1987775.808,Transportation,المواصلات
2021-05-31 00:00:00,5429.624,2040482.64735997,Transportation,المواصلات
2021-06-30 00:00:00,5935.958,2335153.81143997,Transportation,المواصلات
2021-07-31 00:00:00,5996.572,2073718.31555997,Transportation,المواصلات
2021-08-31 00:00:00,6491.358,2354779.42015997,Transportation,المواصلات
2021-09-30 00:00:00,6447.636,2246921.946,Transportation,المواصلات
2016-01-31 00:00:00,6088.041,1325150.5751099999,Health,الصحة
2016-02-29 00:00:00,6381.794,1343572.1888,Health,الصحة
2016-03-31 00:00:00,6751.88,1447611.04057,Health,الصحة
2016-04-30 00:00:00,6619.891,1388207.32078,Health,الصحة
2016-05-31 00:00:00,6751.079,1512705.14481,Health,الصحة
2016-06-30 00:00:00,6536.074,1514102.70439,Health,الصحة
2016-07-31 00:00:00,5934.12,1184949.22338,Health,الصحة
2016-08-31 00:00:00,6677.046,1486975.03546,Health,الصحة
2016-09-30 00:00:00,6210.585,1209362.9973499998,Health,الصحة
2016-10-31 00:00:00,7556.848,1457074.31322999,Health,الصحة
2016-11-30 00:00:00,7421.717,1434252.97786999,Health,الصحة
2016-12-31 00:00:00,7771.392,1466012.82518999,Health,الصحة
2017-01-31 00:00:00,7810.014,1504601.5998899902,Health,الصحة
2017-02-28 00:00:00,7197,1355667.74179999,Health,الصحة
2017-03-31 00:00:00,8820.154,1577476.98054999,Health,الصحة
2017-04-30 00:00:00,8544.055,1531392.7823999901,Health,الصحة
2017-05-31 00:00:00,8575.996,1552215.7420899898,Health,الصحة
2017-06-30 00:00:00,8024.411,1473113.00162,Health,الصحة
2017-07-31 00:00:00,8062.152,1506230.03339,Health,الصحة
2017-08-31 00:00:00,8658.46,1613452.50623,Health,الصحة
2017-09-30 00:00:00,7974.188,1361845.4727999999,Health,الصحة
2017-10-31 00:00:00,9814.568,1688109.452,Health,الصحة
2017-11-30 00:00:00,9543.534,1606679.744,Health,الصحة
2017-12-31 00:00:00,9975.985,1706516.18907999,Health,الصحة
2018-01-31 00:00:00,9752.201,1654787.481,Health,الصحة
2018-02-28 00:00:00,9630.108,1599231.487,Health,الصحة
2018-03-31 00:00:00,11194.864,1910196.055,Health,الصحة
2018-04-30 00:00:00,10616.055,1798771.703,Health,الصحة
2018-05-31 00:00:00,10319.499,1865829.548,Health,الصحة
2018-06-30 00:00:00,9802.887,1629667.7813,Health,الصحة
2018-07-31 00:00:00,10718.565,1888337.75747,Health,الصحة
2018-08-31 00:00:00,10312.167,1678499.02004999,Health,الصحة
2018-09-30 00:00:00,11077.689,1849203.8715,Health,الصحة
2018-10-31 00:00:00,11945.56,1913368.9938399899,Health,الصحة
2018-11-30 00:00:00,11726.466,1785924.11355,Health,الصحة
2018-12-31 00:00:00,12654.133,2002143.0117000001,Health,الصحة
2019-01-31 00:00:00,12614.094,1973117.29363999,Health,الصحة
2019-02-28 00:00:00,11939.223,1813683.2040799898,Health,الصحة
2019-03-31 00:00:00,14027.252,2163346.79443999,Health,الصحة
2019-04-30 00:00:00,12804.398,2009108.47987999,Health,الصحة
2019-05-31 00:00:00,13299.023,2206494.2895,Health,الصحة
2019-06-30 00:00:00,12624.781,1795911.03987,Health,الصحة
2019-07-31 00:00:00,13975.094,2189404.3294299897,Health,الصحة
2019-08-31 00:00:00,13589.78,1883641.73920999,Health,الصحة
2019-09-30 00:00:00,15053.449,2210938.58481999,Health,الصحة
2019-10-31 00:00:00,16529.532,2252452.75874,Health,الصحة
2019-11-30 00:00:00,16251.415,2148096.3337,Health,الصحة
2019-12-31 00:00:00,16979.633,2338051.33789999,Health,الصحة
2020-01-31 00:00:00,16132.182,2205324.07356999,Health,الصحة
2020-02-29 00:00:00,16652.064,2216091.4572799904,Health,الصحة
2020-03-31 00:00:00,18364.531,2195597.30565998,Health,الصحة
2020-04-30 00:00:00,13987.405,1469474.2674200002,Health,الصحة
2020-05-31 00:00:00,17195.378,1953364.15569998,Health,الصحة
2020-06-30 00:00:00,21588.123,2761310.40652,Health,الصحة
2020-07-31 00:00:00,21296.824,2899403.41520999,Health,الصحة
2020-08-31 00:00:00,20412.247,2688799.482,Health,الصحة
2020-09-30 00:00:00,20873.084,2958278.76,Health,الصحة
2020-10-31 00:00:00,21684.811,2832486.588,Health,الصحة
2020-11-30 00:00:00,20879.643,2735160.26468999,Health,الصحة
2020-12-31 00:00:00,22009.284,2891886.883,Health,الصحة
2021-01-31 00:00:00,22945.293,2846468.09995999,Health,الصحة
2021-02-28 00:00:00,19773.227,2552095.99428998,Health,الصحة
2021-03-31 00:00:00,23742.499,3086861.43869001,Health,الصحة
2021-04-30 00:00:00,22153.539,2736298.394,Health,الصحة
2021-05-31 00:00:00,24128.499,2865575.11555001,Health,الصحة
2021-06-30 00:00:00,24430.716,3153379.52048998,Health,الصحة
2021-07-31 00:00:00,24567.51,2856659.87037999,Health,الصحة
2021-08-31 00:00:00,25430.667,3079722.59443998,Health,الصحة
2021-09-30 00:00:00,24783.54,3139635.204,Health,الصحة
2016-01-31 00:00:00,5157.764,735948.846269992,Restaurants & Café,المطاعم والمقاهي
2016-02-29 00:00:00,5189.208,669091.885359992,Restaurants & Café,المطاعم والمقاهي
2016-03-31 00:00:00,5999.227,786647.72306999,Restaurants & Café,المطاعم والمقاهي
2016-04-30 00:00:00,6148.923,759616.183999993,Restaurants & Café,المطاعم والمقاهي
2016-05-31 00:00:00,6741.738,836853.4897199889,Restaurants & Café,المطاعم والمقاهي
2016-06-30 00:00:00,5044.406,683769.3952099939,Restaurants & Café,المطاعم والمقاهي
2016-07-31 00:00:00,6303.659,864329.633299993,Restaurants & Café,المطاعم والمقاهي
2016-08-31 00:00:00,7185.512,835437.2259999879,Restaurants & Café,المطاعم والمقاهي
2016-09-30 00:00:00,6838.644,794267.685789991,Restaurants & Café,المطاعم والمقاهي
2016-10-31 00:00:00,7466.213,764983.022759988,Restaurants & Café,المطاعم والمقاهي
2016-11-30 00:00:00,8168.699,849411.7176799839,Restaurants & Café,المطاعم والمقاهي
2016-12-31 00:00:00,9043.679,927071.0101099791,Restaurants & Café,المطاعم والمقاهي
2017-01-31 00:00:00,9544.688,980554.414179977,Restaurants & Café,المطاعم والمقاهي
2017-02-28 00:00:00,8910.609,882935.249599979,Restaurants & Café,المطاعم والمقاهي
2017-03-31 00:00:00,11291.071,1033384.38365998,Restaurants & Café,المطاعم والمقاهي
2017-04-30 00:00:00,11245.77,1021760.12908998,Restaurants & Café,المطاعم والمقاهي
2017-05-31 00:00:00,11584.545,1033788.83956998,Restaurants & Café,المطاعم والمقاهي
2017-06-30 00:00:00,9123.886,1048395.70862998,Restaurants & Café,المطاعم والمقاهي
2017-07-31 00:00:00,11466.575,1070797.01644997,Restaurants & Café,المطاعم والمقاهي
2017-08-31 00:00:00,12888.222,1165700.08085997,Restaurants & Café,المطاعم والمقاهي
2017-09-30 00:00:00,11912.294,1056967.80598997,Restaurants & Café,المطاعم والمقاهي
2017-10-31 00:00:00,14140.922,1144078.22727996,Restaurants & Café,المطاعم والمقاهي
2017-11-30 00:00:00,14672.151,1176031.2154099701,Restaurants & Café,المطاعم والمقاهي
2017-12-31 00:00:00,16009.73,1307294.14732996,Restaurants & Café,المطاعم والمقاهي
2018-01-31 00:00:00,16622.472,1388660.30318995,Restaurants & Café,المطاعم والمقاهي
2018-02-28 00:00:00,16690.465,1319859.93574995,Restaurants & Café,المطاعم والمقاهي
2018-03-31 00:00:00,20586.703,1636944.02710995,Restaurants & Café,المطاعم والمقاهي
2018-04-30 00:00:00,20586.061,1589268.80690995,Restaurants & Café,المطاعم والمقاهي
2018-05-31 00:00:00,17944.538,1446275.3207699498,Restaurants & Café,المطاعم والمقاهي
2018-06-30 00:00:00,17539.404,1635726.94905997,Restaurants & Café,المطاعم والمقاهي
2018-07-31 00:00:00,22753.566,1757133.10265994,Restaurants & Café,المطاعم والمقاهي
2018-08-31 00:00:00,22346.774,1757891.28029995,Restaurants & Café,المطاعم والمقاهي
2018-09-30 00:00:00,23047.59,1650885.90371996,Restaurants & Café,المطاعم والمقاهي
2018-10-31 00:00:00,26112.291,1778381.81464994,Restaurants & Café,المطاعم والمقاهي
2018-11-30 00:00:00,26850.787,1849816.21070993,Restaurants & Café,المطاعم والمقاهي
2018-12-31 00:00:00,29034.742,2076826.92756994,Restaurants & Café,المطاعم والمقاهي
2019-01-31 00:00:00,29663.872,2081076.92133992,Restaurants & Café,المطاعم والمقاهي
2019-02-28 00:00:00,29106.222,1948217.1504599198,Restaurants & Café,المطاعم والمقاهي
2019-03-31 00:00:00,35390.892,2385470.64784991,Restaurants & Café,المطاعم والمقاهي
2019-04-30 00:00:00,35198.134,2300698.58243993,Restaurants & Café,المطاعم والمقاهي
2019-05-31 00:00:00,27549.407,2011839.923,Restaurants & Café,المطاعم والمقاهي
2019-06-30 00:00:00,34922.072,2476076.31272996,Restaurants & Café,المطاعم والمقاهي
2019-07-31 00:00:00,41034.79,2552515.49402992,Restaurants & Café,المطاعم والمقاهي
2019-08-31 00:00:00,40425.012,2560806.74572996,Restaurants & Café,المطاعم والمقاهي
2019-09-30 00:00:00,44116.194,2513913.61475994,Restaurants & Café,المطاعم والمقاهي
2019-10-31 00:00:00,49960.417,2816242.24069002,Restaurants & Café,المطاعم والمقاهي
2019-11-30 00:00:00,51351.584,2849080.79050005,Restaurants & Café,المطاعم والمقاهي
2019-12-31 00:00:00,54985.328,3054016.62572011,Restaurants & Café,المطاعم والمقاهي
2020-01-31 00:00:00,56713.664,3343975.25123018,Restaurants & Café,المطاعم والمقاهي
2020-02-29 00:00:00,56625.944,3028889.34256011,Restaurants & Café,المطاعم والمقاهي
2020-03-31 00:00:00,43655.244,2270961.19836992,Restaurants & Café,المطاعم والمقاهي
2020-04-30 00:00:00,16298.075,991406.009199969,Restaurants & Café,المطاعم والمقاهي
2020-05-31 00:00:00,25368.119,1733602.1275399402,Restaurants & Café,المطاعم والمقاهي
2020-06-30 00:00:00,53251.59,2723151.5896799997,Restaurants & Café,المطاعم والمقاهي
2020-07-31 00:00:00,72615.789,3908646.42126048,Restaurants & Café,المطاعم والمقاهي
2020-08-31 00:00:00,76653.525,4040630.75939057,Restaurants & Café,المطاعم والمقاهي
2020-09-30 00:00:00,83482.025,4213053.427,Restaurants & Café,المطاعم والمقاهي
2020-10-31 00:00:00,90968.352,4497378.975,Restaurants & Café,المطاعم والمقاهي
2020-11-30 00:00:00,92218.063,4434446.30277077,Restaurants & Café,المطاعم والمقاهي
2020-12-31 00:00:00,101167.269,4873845.165,Restaurants & Café,المطاعم والمقاهي
2021-01-31 00:00:00,104417.517,5180471.62929115,Restaurants & Café,المطاعم والمقاهي
2021-02-28 00:00:00,87217.751,3642065.65304043,Restaurants & Café,المطاعم والمقاهي
2021-03-31 00:00:00,110498.387,4880313.83033113,Restaurants & Café,المطاعم والمقاهي
2021-04-30 00:00:00,88280.96,4038278.614,Restaurants & Café,المطاعم والمقاهي
2021-05-31 00:00:00,105593.074,5224183.12738095,Restaurants & Café,المطاعم والمقاهي
2021-06-30 00:00:00,122824.088,5356889.634881349,Restaurants & Café,المطاعم والمقاهي
2021-07-31 00:00:00,125477.909,5623806.0504812,Restaurants & Café,المطاعم والمقاهي
2021-08-31 00:00:00,131073.286,5458305.47042155,Restaurants & Café,المطاعم والمقاهي
2021-09-30 00:00:00,132812.119,5393029.173,Restaurants & Café,المطاعم والمقاهي
2016-01-31 00:00:00,525.738,557323.385419994,Hotels,الفنادق
2016-02-29 00:00:00,449.376,479092.158869997,Hotels,الفنادق
2016-03-31 00:00:00,585.918,635033.475409996,Hotels,الفنادق
2016-04-30 00:00:00,503.14,516636.457049998,Hotels,الفنادق
2016-05-31 00:00:00,551.938,559061.484279997,Hotels,الفنادق
2016-06-30 00:00:00,569.206,797599.3098199951,Hotels,الفنادق
2016-07-31 00:00:00,581.24,590144.284999997,Hotels,الفنادق
2016-08-31 00:00:00,623.177,548685.350739997,Hotels,الفنادق
2016-09-30 00:00:00,460.635,404589.37964999804,Hotels,الفنادق
2016-10-31 00:00:00,514.872,491547.655749998,Hotels,الفنادق
2016-11-30 00:00:00,616.992,576884.9133299959,Hotels,الفنادق
2016-12-31 00:00:00,539.051,490484.592449996,Hotels,الفنادق
2017-01-31 00:00:00,609.261,539099.858739997,Hotels,الفنادق
2017-02-28 00:00:00,557.113,469383.029029997,Hotels,الفنادق
2017-03-31 00:00:00,688.288,552741.199189996,Hotels,الفنادق
2017-04-30 00:00:00,747.302,622729.2414499901,Hotels,الفنادق
2017-05-31 00:00:00,682.37,603313.6135599951,Hotels,الفنادق
2017-06-30 00:00:00,689.691,767988.746409994,Hotels,الفنادق
2017-07-31 00:00:00,730.914,565663.039149996,Hotels,الفنادق
2017-08-31 00:00:00,681.017,485702.479399995,Hotels,الفنادق
2017-09-30 00:00:00,596.924,409191.22044999804,Hotels,الفنادق
2017-10-31 00:00:00,705.508,555281.078419997,Hotels,الفنادق
2017-11-30 00:00:00,657.894,492230.446259997,Hotels,الفنادق
2017-12-31 00:00:00,655.494,494547.592569996,Hotels,الفنادق
2018-01-31 00:00:00,805.187,602919.833489995,Hotels,الفنادق
2018-02-28 00:00:00,690.968,516340.287709997,Hotels,الفنادق
2018-03-31 00:00:00,855.185,609861.716199995,Hotels,الفنادق
2018-04-30 00:00:00,807.173,561878.0833899949,Hotels,الفنادق
2018-05-31 00:00:00,852.66,1713577.01343999,Hotels,الفنادق
2018-06-30 00:00:00,899.656,776745.282809993,Hotels,الفنادق
2018-07-31 00:00:00,1067.997,679495.0095999921,Hotels,الفنادق
2018-08-31 00:00:00,865.017,521353.388699996,Hotels,الفنادق
2018-09-30 00:00:00,799.137,493648.656529998,Hotels,الفنادق
2018-10-31 00:00:00,889.522,572427.0493899961,Hotels,الفنادق
2018-11-30 00:00:00,893.13,575198.737269997,Hotels,الفنادق
2018-12-31 00:00:00,1069.561,722724.268509994,Hotels,الفنادق
2019-01-31 00:00:00,1045.32,685241.502309993,Hotels,الفنادق
2019-02-28 00:00:00,918.023,1144949.11937999,Hotels,الفنادق
2019-03-31 00:00:00,1064.079,586378.9868999961,Hotels,الفنادق
2019-04-30 00:00:00,1025.882,534941.818919995,Hotels,الفنادق
2019-05-31 00:00:00,1105.78,787580.281749993,Hotels,الفنادق
2019-06-30 00:00:00,1333.953,774073.541549995,Hotels,الفنادق
2019-07-31 00:00:00,1451.638,733104.809289992,Hotels,الفنادق
2019-08-31 00:00:00,1266.849,621123.900789998,Hotels,الفنادق
2019-09-30 00:00:00,1301.277,656407.2361299921,Hotels,الفنادق
2019-10-31 00:00:00,1333.607,689406.686279995,Hotels,الفنادق
2019-11-30 00:00:00,1344.622,679593.0416799911,Hotels,الفنادق
2019-12-31 00:00:00,1414.873,760970.6516599981,Hotels,الفنادق
2020-01-31 00:00:00,1859.413,1018185.14196999,Hotels,الفنادق
2020-02-29 00:00:00,1445.319,697016.955589994,Hotels,الفنادق
2020-03-31 00:00:00,812.121,343584.627929998,Hotels,الفنادق
2020-04-30 00:00:00,209.699,89014.1905900003,Hotels,الفنادق
2020-05-31 00:00:00,280.884,101120.60221,Hotels,الفنادق
2020-06-30 00:00:00,767.805,270843.44778,Hotels,الفنادق
2020-07-31 00:00:00,1313.054,493570.749779995,Hotels,الفنادق
2020-08-31 00:00:00,1646.242,637058.2621099941,Hotels,الفنادق
2020-09-30 00:00:00,1512.519,548451.326,Hotels,الفنادق
2020-10-31 00:00:00,1638.144,582439.991,Hotels,الفنادق
2020-11-30 00:00:00,1663.124,606776.435929991,Hotels,الفنادق
2020-12-31 00:00:00,1817.756,677640.586,Hotels,الفنادق
2021-01-31 00:00:00,2294.087,940229.056749983,Hotels,الفنادق
2021-02-28 00:00:00,1311.09,468219.337379994,Hotels,الفنادق
2021-03-31 00:00:00,1844.112,585409.053309992,Hotels,الفنادق
2021-04-30 00:00:00,1509.839,561712.763,Hotels,الفنادق
2021-05-31 00:00:00,2067.072,850724.7405699871,Hotels,الفنادق
2021-06-30 00:00:00,2407.077,828118.194209991,Hotels,الفنادق
2021-07-31 00:00:00,2371.082,816091.725199993,Hotels,الفنادق
2021-08-31 00:00:00,2466.972,830009.7362299841,Hotels,الفنادق
2021-09-30 00:00:00,2093.915,679159.689,Hotels,الفنادق
2016-01-31 00:00:00,9079.251,1653174.7618199799,Beverage and Food,المشروبات والأطعمة
2016-02-29 00:00:00,9305.303,1666637.33947999,Beverage and Food,المشروبات والأطعمة
2016-03-31 00:00:00,9808.03,1695115.25720999,Beverage and Food,المشروبات والأطعمة
2016-04-30 00:00:00,10257.824,1737662.30372999,Beverage and Food,المشروبات والأطعمة
2016-05-31 00:00:00,11356.57,2079110.36532999,Beverage and Food,المشروبات والأطعمة
2016-06-30 00:00:00,11524.81,2140173.29463999,Beverage and Food,المشروبات والأطعمة
2016-07-31 00:00:00,9397.3,1509797.97802,Beverage and Food,المشروبات والأطعمة
2016-08-31 00:00:00,10581.013,1735325.86289999,Beverage and Food,المشروبات والأطعمة
2016-09-30 00:00:00,10310.543,1698988.25122999,Beverage and Food,المشروبات والأطعمة
2016-10-31 00:00:00,11863.102,1877314.36768999,Beverage and Food,المشروبات والأطعمة
2016-11-30 00:00:00,11603.749,1829095.8325999998,Beverage and Food,المشروبات والأطعمة
2016-12-31 00:00:00,12486.875,1913123.90686999,Beverage and Food,المشروبات والأطعمة
2017-01-31 00:00:00,12099.54,1785648.11303998,Beverage and Food,المشروبات والأطعمة
2017-02-28 00:00:00,11713.221,1783005.5551199901,Beverage and Food,المشروبات والأطعمة
2017-03-31 00:00:00,13851.445,1932238.76700999,Beverage and Food,المشروبات والأطعمة
2017-04-30 00:00:00,13801.092,1932080.11760998,Beverage and Food,المشروبات والأطعمة
2017-05-31 00:00:00,16397.947,2635738.2478199904,Beverage and Food,المشروبات والأطعمة
2017-06-30 00:00:00,13290.917,1843986.78699999,Beverage and Food,المشروبات والأطعمة
2017-07-31 00:00:00,13309.75,1784057.71644999,Beverage and Food,المشروبات والأطعمة
2017-08-31 00:00:00,14661.79,1967830.5201999901,Beverage and Food,المشروبات والأطعمة
2017-09-30 00:00:00,13932.814,1900799.0525,Beverage and Food,المشروبات والأطعمة
2017-10-31 00:00:00,16129.025,2151413.75,Beverage and Food,المشروبات والأطعمة
2017-11-30 00:00:00,15717.036,2050340.369,Beverage and Food,المشروبات والأطعمة
2017-12-31 00:00:00,17052.411,2330862.43406998,Beverage and Food,المشروبات والأطعمة
2018-01-31 00:00:00,16320.862,2037846.372,Beverage and Food,المشروبات والأطعمة
2018-02-28 00:00:00,16531.968,2075096.363,Beverage and Food,المشروبات والأطعمة
2018-03-31 00:00:00,19271.583,2433430.541,Beverage and Food,المشروبات والأطعمة
2018-04-30 00:00:00,19391.052,2451799.927,Beverage and Food,المشروبات والأطعمة
2018-05-31 00:00:00,21247.463,2964148.799,Beverage and Food,المشروبات والأطعمة
2018-06-30 00:00:00,17623.445,2126658.48576,Beverage and Food,المشروبات والأطعمة
2018-07-31 00:00:00,20056.585,2294335.4413399803,Beverage and Food,المشروبات والأطعمة
2018-08-31 00:00:00,19999.796,2337064.45602997,Beverage and Food,المشروبات والأطعمة
2018-09-30 00:00:00,21867.035,2588060.39304001,Beverage and Food,المشروبات والأطعمة
2018-10-31 00:00:00,23678.599,2695820.51525,Beverage and Food,المشروبات والأطعمة
2018-11-30 00:00:00,23275.372,2599339.5928400103,Beverage and Food,المشروبات والأطعمة
2018-12-31 00:00:00,24266.392,2705467.5785200302,Beverage and Food,المشروبات والأطعمة
2019-01-31 00:00:00,24908.664,2802871.73020001,Beverage and Food,المشروبات والأطعمة
2019-02-28 00:00:00,23803.836,2530199.8978099898,Beverage and Food,المشروبات والأطعمة
2019-03-31 00:00:00,28081.002,3052079.62766003,Beverage and Food,المشروبات والأطعمة
2019-04-30 00:00:00,28642.083,3232267.7979601,Beverage and Food,المشروبات والأطعمة
2019-05-31 00:00:00,30376.712,3495170.839,Beverage and Food,المشروبات والأطعمة
2019-06-30 00:00:00,27813.987,2656291.73597,Beverage and Food,المشروبات والأطعمة
2019-07-31 00:00:00,32701.443,2964746.9664000403,Beverage and Food,المشروبات والأطعمة
2019-08-31 00:00:00,33087.305,3059998.13198006,Beverage and Food,المشروبات والأطعمة
2019-09-30 00:00:00,36527.179,3275251.82032009,Beverage and Food,المشروبات والأطعمة
2019-10-31 00:00:00,40409.243,3455207.39479009,Beverage and Food,المشروبات والأطعمة
2019-11-30 00:00:00,40106.801,3408177.83615005,Beverage and Food,المشروبات والأطعمة
2019-12-31 00:00:00,41426.653,3511138.5352500803,Beverage and Food,المشروبات والأطعمة
2020-01-31 00:00:00,41421.767,3576604.34639007,Beverage and Food,المشروبات والأطعمة
2020-02-29 00:00:00,43274.112,3563756.5678601298,Beverage and Food,المشروبات والأطعمة
2020-03-31 00:00:00,54010.08,5731836.58652021,Beverage and Food,المشروبات والأطعمة
2020-04-30 00:00:00,54697.148,6436896.72422031,Beverage and Food,المشروبات والأطعمة
2020-05-31 00:00:00,57207.785,5500385.2901104605,Beverage and Food,المشروبات والأطعمة
2020-06-30 00:00:00,65536.141,5518250.20851,Beverage and Food,المشروبات والأطعمة
2020-07-31 00:00:00,71465.614,5111516.94853032,Beverage and Food,المشروبات والأطعمة
2020-08-31 00:00:00,73639.755,5149132.2485503,Beverage and Food,المشروبات والأطعمة
2020-09-30 00:00:00,77722.99,5325670.931,Beverage and Food,المشروبات والأطعمة
2020-10-31 00:00:00,83402.697,5550539.939,Beverage and Food,المشروبات والأطعمة
2020-11-30 00:00:00,83248.377,5375486.3313705195,Beverage and Food,المشروبات والأطعمة
2020-12-31 00:00:00,88386.398,5607793.763,Beverage and Food,المشروبات والأطعمة
2021-01-31 00:00:00,89737.505,5673979.68695056,Beverage and Food,المشروبات والأطعمة
2021-02-28 00:00:00,85115.006,5188253.55494046,Beverage and Food,المشروبات والأطعمة
2021-03-31 00:00:00,102571.561,6517253.76484053,Beverage and Food,المشروبات والأطعمة
2021-04-30 00:00:00,99798.57,6646112.474,Beverage and Food,المشروبات والأطعمة
2021-05-31 00:00:00,101188.559,5859475.37732046,Beverage and Food,المشروبات والأطعمة
2021-06-30 00:00:00,108717.4,5884296.894650521,Beverage and Food,المشروبات والأطعمة
2021-07-31 00:00:00,112846.597,6020379.49848052,Beverage and Food,المشروبات والأطعمة
2021-08-31 00:00:00,117398.406,6199208.38776067,Beverage and Food,المشروبات والأطعمة
2021-09-30 00:00:00,115497.422,6052876.82,Beverage and Food,المشروبات والأطعمة
2016-01-31 00:00:00,7033.003,2061684.50737993,Clothing and Footwear,الملابس والأحذية
2016-02-29 00:00:00,5067.576,1608653.76903994,Clothing and Footwear,الملابس والأحذية
2016-03-31 00:00:00,6263.466,2028309.22999992,Clothing and Footwear,الملابس والأحذية
2016-04-30 00:00:00,6380.411,1972320.08666993,Clothing and Footwear,الملابس والأحذية
2016-05-31 00:00:00,8030.564,2575627.03102005,Clothing and Footwear,الملابس والأحذية
2016-06-30 00:00:00,10712.571,3617526.23036027,Clothing and Footwear,الملابس والأحذية
2016-07-31 00:00:00,7106.437,2140252.48819993,Clothing and Footwear,الملابس والأحذية
2016-08-31 00:00:00,7335.521,2070868.59169991,Clothing and Footwear,الملابس والأحذية
2016-09-30 00:00:00,7185.054,1988689.74584993,Clothing and Footwear,الملابس والأحذية
2016-10-31 00:00:00,5506.54,1598998.6042699201,Clothing and Footwear,الملابس والأحذية
2016-11-30 00:00:00,7591.977,2233832.4804299204,Clothing and Footwear,الملابس والأحذية
2016-12-31 00:00:00,8116.688,2235397.79393992,Clothing and Footwear,الملابس والأحذية
2017-01-31 00:00:00,8002.227,2056422.8370299002,Clothing and Footwear,الملابس والأحذية
2017-02-28 00:00:00,6082.375,1612597.18955992,Clothing and Footwear,الملابس والأحذية
2017-03-31 00:00:00,7692.206,2013365.07104991,Clothing and Footwear,الملابس والأحذية
2017-04-30 00:00:00,8470.833,2215465.19789989,Clothing and Footwear,الملابس والأحذية
2017-05-31 00:00:00,8992.222,2456327.75462,Clothing and Footwear,الملابس والأحذية
2017-06-30 00:00:00,13114.319,3792539.40155028,Clothing and Footwear,الملابس والأحذية
2017-07-31 00:00:00,6912.814,1751069.4177699399,Clothing and Footwear,الملابس والأحذية
2017-08-31 00:00:00,9477.963,2358500.68951998,Clothing and Footwear,الملابس والأحذية
2017-09-30 00:00:00,6854.008,1662407.3662999999,Clothing and Footwear,الملابس والأحذية
2017-10-31 00:00:00,6601.353,1687713.396,Clothing and Footwear,الملابس والأحذية
2017-11-30 00:00:00,7812.426,2049319.341,Clothing and Footwear,الملابس والأحذية
2017-12-31 00:00:00,9610.921,2487969.81721002,Clothing and Footwear,الملابس والأحذية
2018-01-31 00:00:00,8688.31,1996614.901,Clothing and Footwear,الملابس والأحذية
2018-02-28 00:00:00,6708.052,1621762.422,Clothing and Footwear,الملابس والأحذية
2018-03-31 00:00:00,9177.748,2312444.277,Clothing and Footwear,الملابس والأحذية
2018-04-30 00:00:00,9792.432,2474665.775,Clothing and Footwear,الملابس والأحذية
2018-05-31 00:00:00,11733.72,3291500.863,Clothing and Footwear,الملابس والأحذية
2018-06-30 00:00:00,12839.441,3332017.83239021,Clothing and Footwear,الملابس والأحذية
2018-07-31 00:00:00,8819.406,2014702.5467899202,Clothing and Footwear,الملابس والأحذية
2018-08-31 00:00:00,10663.176,2468601.45761,Clothing and Footwear,الملابس والأحذية
2018-09-30 00:00:00,7605.325,1651313.18047993,Clothing and Footwear,الملابس والأحذية
2018-10-31 00:00:00,8088.499,1856454.7227899202,Clothing and Footwear,الملابس والأحذية
2018-11-30 00:00:00,9778.253,2377918.5338599803,Clothing and Footwear,الملابس والأحذية
2018-12-31 00:00:00,10990.48,2570754.9748800704,Clothing and Footwear,الملابس والأحذية
2019-01-31 00:00:00,9773.773,2075254.3328199,Clothing and Footwear,الملابس والأحذية
2019-02-28 00:00:00,7588.253,1669056.65481991,Clothing and Footwear,الملابس والأحذية
2019-03-31 00:00:00,10263.027,2381957.15942998,Clothing and Footwear,الملابس والأحذية
2019-04-30 00:00:00,11237.533,2746846.08937012,Clothing and Footwear,الملابس والأحذية
2019-05-31 00:00:00,18462.463,4799802.9628707,Clothing and Footwear,الملابس والأحذية
2019-06-30 00:00:00,10604.072,2338217.1668499596,Clothing and Footwear,الملابس والأحذية
2019-07-31 00:00:00,10990.043,2301733.81653994,Clothing and Footwear,الملابس والأحذية
2019-08-31 00:00:00,13244.403,2734288.6278601,Clothing and Footwear,الملابس والأحذية
2019-09-30 00:00:00,9777.283,1894842.45520995,Clothing and Footwear,الملابس والأحذية
2019-10-31 00:00:00,10201.479,2067083.93083993,Clothing and Footwear,الملابس والأحذية
2019-11-30 00:00:00,12564.339,2777696.3323802,Clothing and Footwear,الملابس والأحذية
2019-12-31 00:00:00,13139.273,2743524.04536011,Clothing and Footwear,الملابس والأحذية
2020-01-31 00:00:00,14094.245,2734812.92892009,Clothing and Footwear,الملابس والأحذية
2020-02-29 00:00:00,10211.246,2021299.21994992,Clothing and Footwear,الملابس والأحذية
2020-03-31 00:00:00,6707.423,1314513.89423995,Clothing and Footwear,الملابس والأحذية
2020-04-30 00:00:00,2811.229,476911.645189988,Clothing and Footwear,الملابس والأحذية
2020-05-31 00:00:00,11247.763,2314524.21370997,Clothing and Footwear,الملابس والأحذية
2020-06-30 00:00:00,10853.269,2270785.41726,Clothing and Footwear,الملابس والأحذية
2020-07-31 00:00:00,17633.735,3293332.24253031,Clothing and Footwear,الملابس والأحذية
2020-08-31 00:00:00,11472.548,2094333.80956991,Clothing and Footwear,الملابس والأحذية
2020-09-30 00:00:00,13384.828,2361567.029,Clothing and Footwear,الملابس والأحذية
2020-10-31 00:00:00,14335.101,2665164.568,Clothing and Footwear,الملابس والأحذية
2020-11-30 00:00:00,15823.127,3012435.6915302803,Clothing and Footwear,الملابس والأحذية
2020-12-31 00:00:00,18895.14,3496977.57,Clothing and Footwear,الملابس والأحذية
2021-01-31 00:00:00,16992.672,2910063.36436023,Clothing and Footwear,الملابس والأحذية
2021-02-28 00:00:00,11256.463,1963550.9074398798,Clothing and Footwear,الملابس والأحذية
2021-03-31 00:00:00,17721.25,3302271.42161038,Clothing and Footwear,الملابس والأحذية
2021-04-30 00:00:00,21986.903,4259559.912,Clothing and Footwear,الملابس والأحذية
2021-05-31 00:00:00,25368.601,4499756.14480069,Clothing and Footwear,الملابس والأحذية
2021-06-30 00:00:00,15845.937,2721811.61230015,Clothing and Footwear,الملابس والأحذية
2021-07-31 00:00:00,20508.921,3363386.99606043,Clothing and Footwear,الملابس والأحذية
2021-08-31 00:00:00,16545.646,2670491.9000701397,Clothing and Footwear,الملابس والأحذية
2021-09-30 00:00:00,16433.155,2596685.341,Clothing and Footwear,الملابس والأحذية
2016-01-31 00:00:00,,1358.744,Recreation and Culture,الترفيه والثقافة
2016-02-29 00:00:00,,1224.407,Recreation and Culture,الترفيه والثقافة
2016-03-31 00:00:00,,1226.647,Recreation and Culture,الترفيه والثقافة
2016-04-30 00:00:00,,1187.941,Recreation and Culture,الترفيه والثقافة
2016-05-31 00:00:00,,1344.938,Recreation and Culture,الترفيه والثقافة
2016-06-30 00:00:00,,1395.849,Recreation and Culture,الترفيه والثقافة
2016-07-31 00:00:00,,1184.989,Recreation and Culture,الترفيه والثقافة
2016-08-31 00:00:00,,1194.856,Recreation and Culture,الترفيه والثقافة
2016-09-30 00:00:00,,1611.278,Recreation and Culture,الترفيه والثقافة
2016-10-31 00:00:00,,1620.023,Recreation and Culture,الترفيه والثقافة
2016-11-30 00:00:00,,1414.269,Recreation and Culture,الترفيه والثقافة
2016-12-31 00:00:00,,1563.252,Recreation and Culture,الترفيه والثقافة
2017-01-31 00:00:00,,1570.729,Recreation and Culture,الترفيه والثقافة
2017-02-28 00:00:00,,1748.725,Recreation and Culture,الترفيه والثقافة
2017-03-31 00:00:00,,1770.424,Recreation and Culture,الترفيه والثقافة
2017-04-30 00:00:00,,1620.005,Recreation and Culture,الترفيه والثقافة
2017-05-31 00:00:00,,2082.257,Recreation and Culture,الترفيه والثقافة
2017-06-30 00:00:00,,2317.564,Recreation and Culture,الترفيه والثقافة
2017-07-31 00:00:00,,1454.191,Recreation and Culture,الترفيه والثقافة
2017-08-31 00:00:00,,1859.492,Recreation and Culture,الترفيه والثقافة
2017-09-30 00:00:00,,2177.51,Recreation and Culture,الترفيه والثقافة
2017-10-31 00:00:00,,2341.76,Recreation and Culture,الترفيه والثقافة
2017-11-30 00:00:00,,2244.398,Recreation and Culture,الترفيه والثقافة
2017-12-31 00:00:00,,2329.316,Recreation and Culture,الترفيه والثقافة
2018-01-31 00:00:00,,2383.292,Recreation and Culture,الترفيه والثقافة
2018-02-28 00:00:00,,2292.115,Recreation and Culture,الترفيه والثقافة
2018-03-31 00:00:00,,2674.508,Recreation and Culture,الترفيه والثقافة
2018-04-30 00:00:00,,2499.64,Recreation and Culture,الترفيه والثقافة
2018-05-31 00:00:00,,2977.615,Recreation and Culture,الترفيه والثقافة
2018-06-30 00:00:00,,2558.62,Recreation and Culture,الترفيه والثقافة
2018-07-31 00:00:00,,2259.742,Recreation and Culture,الترفيه والثقافة
2018-08-31 00:00:00,,2643.872,Recreation and Culture,الترفيه والثقافة
2018-09-30 00:00:00,,3419.117,Recreation and Culture,الترفيه والثقافة
2018-10-31 00:00:00,,2952.471,Recreation and Culture,الترفيه والثقافة
2018-11-30 00:00:00,,2739.571,Recreation and Culture,الترفيه والثقافة
2018-12-31 00:00:00,,3087.774,Recreation and Culture,الترفيه والثقافة
2019-01-31 00:00:00,,3478.476,Recreation and Culture,الترفيه والثقافة
2019-02-28 00:00:00,,2859.138,Recreation and Culture,الترفيه والثقافة
2019-03-31 00:00:00,,3500.514,Recreation and Culture,الترفيه والثقافة
2019-04-30 00:00:00,,3361.925,Recreation and Culture,الترفيه والثقافة
2019-05-31 00:00:00,,3662.062,Recreation and Culture,الترفيه والثقافة
2019-06-30 00:00:00,,2971.953,Recreation and Culture,الترفيه والثقافة
2019-07-31 00:00:00,,3147.021,Recreation and Culture,الترفيه والثقافة
2019-08-31 00:00:00,,3913.466,Recreation and Culture,الترفيه والثقافة
2019-09-30 00:00:00,,5033.126,Recreation and Culture,الترفيه والثقافة
2019-10-31 00:00:00,,4565.201,Recreation and Culture,الترفيه والثقافة
2019-11-30 00:00:00,,4301.409,Recreation and Culture,الترفيه والثقافة
2019-12-31 00:00:00,,4552.97,Recreation and Culture,الترفيه والثقافة
2020-01-31 00:00:00,,5057.029,Recreation and Culture,الترفيه والثقافة
2020-02-29 00:00:00,,4815.384,Recreation and Culture,الترفيه والثقافة
2020-03-31 00:00:00,,3371.338,Recreation and Culture,الترفيه والثقافة
2020-04-30 00:00:00,,1668.189,Recreation and Culture,الترفيه والثقافة
2020-05-31 00:00:00,,3877.991,Recreation and Culture,الترفيه والثقافة
2020-06-30 00:00:00,,4544.803,Recreation and Culture,الترفيه والثقافة
2020-07-31 00:00:00,,5290.246,Recreation and Culture,الترفيه والثقافة
2020-08-31 00:00:00,,5107.123,Recreation and Culture,الترفيه والثقافة
2020-09-30 00:00:00,,6565.023,Recreation and Culture,الترفيه والثقافة
2020-10-31 00:00:00,,6288.552,Recreation and Culture,الترفيه والثقافة
2020-11-30 00:00:00,,5860.828,Recreation and Culture,الترفيه والثقافة
2020-12-31 00:00:00,,6576.094,Recreation and Culture,الترفيه والثقافة
2021-01-31 00:00:00,,6855.676,Recreation and Culture,الترفيه والثقافة
2021-02-28 00:00:00,,5601.511,Recreation and Culture,الترفيه والثقافة
2021-03-31 00:00:00,,6920.083,Recreation and Culture,الترفيه والثقافة
2021-04-30 00:00:00,,6449.845,Recreation and Culture,الترفيه والثقافة
2021-05-31 00:00:00,,7169.523,Recreation and Culture,الترفيه والثقافة
2021-06-30 00:00:00,,6307.418,Recreation and Culture,الترفيه والثقافة
2021-07-31 00:00:00,,6588.971,Recreation and Culture,الترفيه والثقافة
2021-08-31 00:00:00,,7597.594,Recreation and Culture,الترفيه والثقافة
2021-09-30 00:00:00,,8811.244,Recreation and Culture,الترفيه والثقافة
2016-01-31 00:00:00,556582.288529999,1640.685,Miscellaneous Goods and Services,خدمات وسلع متنوعة*
2016-02-29 00:00:00,492657.54193,1566.44,Miscellaneous Goods and Services,خدمات وسلع متنوعة*
2016-03-31 00:00:00,522165.301009999,1803.095,Miscellaneous Goods and Services,خدمات وسلع متنوعة*
2016-04-30 00:00:00,472795.93264,1811.833,Miscellaneous Goods and Services,خدمات وسلع متنوعة*
2016-05-31 00:00:00,583196.318239999,2113.435,Miscellaneous Goods and Services,خدمات وسلع متنوعة*
2016-06-30 00:00:00,611067.794839998,2224.433,Miscellaneous Goods and Services,خدمات وسلع متنوعة*
2016-07-31 00:00:00,464998.76307,1982.928,Miscellaneous Goods and Services,خدمات وسلع متنوعة*
2016-08-31 00:00:00,464354.9378,2152.546,Miscellaneous Goods and Services,خدمات وسلع متنوعة*
2016-09-30 00:00:00,638539.207149999,2178.619,Miscellaneous Goods and Services,خدمات وسلع متنوعة*
2016-10-31 00:00:00,602272.390089999,2255.494,Miscellaneous Goods and Services,خدمات وسلع متنوعة*
2016-11-30 00:00:00,539381.6987999999,2574.139,Miscellaneous Goods and Services,خدمات وسلع متنوعة*
2016-12-31 00:00:00,585889.164829999,2540.968,Miscellaneous Goods and Services,خدمات وسلع متنوعة*
2017-01-31 00:00:00,629868.574179997,2374.047,Miscellaneous Goods and Services,خدمات وسلع متنوعة*
2017-02-28 00:00:00,590278.1606000001,2025.252,Miscellaneous Goods and Services,خدمات وسلع متنوعة*
2017-03-31 00:00:00,595944.3141099979,2350.13,Miscellaneous Goods and Services,خدمات وسلع متنوعة*
2017-04-30 00:00:00,551354.12413,2249.743,Miscellaneous Goods and Services,خدمات وسلع متنوعة*
2017-05-31 00:00:00,757594.549749995,2611.307,Miscellaneous Goods and Services,خدمات وسلع متنوعة*
2017-06-30 00:00:00,830211.280489995,2826.437,Miscellaneous Goods and Services,خدمات وسلع متنوعة*
2017-07-31 00:00:00,503356.431079999,2423.579,Miscellaneous Goods and Services,خدمات وسلع متنوعة*
2017-08-31 00:00:00,626434.125929998,2826.412,Miscellaneous Goods and Services,خدمات وسلع متنوعة*
2017-09-30 00:00:00,782779.4038,2563.511,Miscellaneous Goods and Services,خدمات وسلع متنوعة*
2017-10-31 00:00:00,741545.22,2724.425,Miscellaneous Goods and Services,خدمات وسلع متنوعة*
2017-11-30 00:00:00,732411.9626,3216.131,Miscellaneous Goods and Services,خدمات وسلع متنوعة*
2017-12-31 00:00:00,870885.404799998,3311.252,Miscellaneous Goods and Services,خدمات وسلع متنوعة*
2018-01-31 00:00:00,722529.4974,3414.282,Miscellaneous Goods and Services,خدمات وسلع متنوعة*
2018-02-28 00:00:00,661124.3833,3169.352,Miscellaneous Goods and Services,خدمات وسلع متنوعة*
2018-03-31 00:00:00,800686.3502000001,3961.736,Miscellaneous Goods and Services,خدمات وسلع متنوعة*
2018-04-30 00:00:00,756141.3454,3925.584,Miscellaneous Goods and Services,خدمات وسلع متنوعة*
2018-05-31 00:00:00,992244.6952000001,4246.474,Miscellaneous Goods and Services,خدمات وسلع متنوعة*
2018-06-30 00:00:00,807675.965079997,3920.437,Miscellaneous Goods and Services,خدمات وسلع متنوعة*
2018-07-31 00:00:00,671021.145459998,4011.796,Miscellaneous Goods and Services,خدمات وسلع متنوعة*
2018-08-31 00:00:00,849122.910359995,3898.505,Miscellaneous Goods and Services,خدمات وسلع متنوعة*
2018-09-30 00:00:00,928441.837969998,3941.175,Miscellaneous Goods and Services,خدمات وسلع متنوعة*
2018-10-31 00:00:00,785492.001939998,3772.518,Miscellaneous Goods and Services,خدمات وسلع متنوعة*
2018-11-30 00:00:00,739687.721189999,4219.197,Miscellaneous Goods and Services,خدمات وسلع متنوعة*
2018-12-31 00:00:00,947090.814049997,4231.047,Miscellaneous Goods and Services,خدمات وسلع متنوعة*
2019-01-31 00:00:00,927160.4433200001,4227.172,Miscellaneous Goods and Services,خدمات وسلع متنوعة*
2019-02-28 00:00:00,722548.5155199991,3894.387,Miscellaneous Goods and Services,خدمات وسلع متنوعة*
2019-03-31 00:00:00,894417.781889995,4731.979,Miscellaneous Goods and Services,خدمات وسلع متنوعة*
2019-04-30 00:00:00,912410.847849994,4584.009,Miscellaneous Goods and Services,خدمات وسلع متنوعة*
2019-05-31 00:00:00,1073186.083,4799.748,Miscellaneous Goods and Services,خدمات وسلع متنوعة*
2019-06-30 00:00:00,752327.896429996,4383.269,Miscellaneous Goods and Services,خدمات وسلع متنوعة*
2019-07-31 00:00:00,779412.359419995,4977.98,Miscellaneous Goods and Services,خدمات وسلع متنوعة*
2019-08-31 00:00:00,1055822.48935,5050.562,Miscellaneous Goods and Services,خدمات وسلع متنوعة*
2019-09-30 00:00:00,1100324.8668499999,5638.655,Miscellaneous Goods and Services,خدمات وسلع متنوعة*
2019-10-31 00:00:00,968369.632799994,5954.014,Miscellaneous Goods and Services,خدمات وسلع متنوعة*
2019-11-30 00:00:00,965242.531879996,6258.294,Miscellaneous Goods and Services,خدمات وسلع متنوعة*
2019-12-31 00:00:00,1085701.17393,6728.647,Miscellaneous Goods and Services,خدمات وسلع متنوعة*
2020-01-31 00:00:00,1213966.44544999,6862.249,Miscellaneous Goods and Services,خدمات وسلع متنوعة*
2020-02-29 00:00:00,992972.2637799961,6680.723,Miscellaneous Goods and Services,خدمات وسلع متنوعة*
2020-03-31 00:00:00,782657.923219998,5734.219,Miscellaneous Goods and Services,خدمات وسلع متنوعة*
2020-04-30 00:00:00,375196.51905,3570.769,Miscellaneous Goods and Services,خدمات وسلع متنوعة*
2020-05-31 00:00:00,996929.344759996,4667.604,Miscellaneous Goods and Services,خدمات وسلع متنوعة*
2020-06-30 00:00:00,1248105.28318,6634.571,Miscellaneous Goods and Services,خدمات وسلع متنوعة*
2020-07-31 00:00:00,1004067.85684,8480.803,Miscellaneous Goods and Services,خدمات وسلع متنوعة*
2020-08-31 00:00:00,1184702.95709999,8582.097,Miscellaneous Goods and Services,خدمات وسلع متنوعة*
2020-09-30 00:00:00,1156573.372,10734.497,Miscellaneous Goods and Services,خدمات وسلع متنوعة*
2020-10-31 00:00:00,1098070.045,13059.414,Miscellaneous Goods and Services,خدمات وسلع متنوعة*
2020-11-30 00:00:00,1046019.17303,15483.664,Miscellaneous Goods and Services,خدمات وسلع متنوعة*
2020-12-31 00:00:00,1336485.992,19717.412,Miscellaneous Goods and Services,خدمات وسلع متنوعة*
2021-01-31 00:00:00,1356784.85222999,22753.028,Miscellaneous Goods and Services,خدمات وسلع متنوعة*
2021-02-28 00:00:00,1069786.79946999,21308.077,Miscellaneous Goods and Services,خدمات وسلع متنوعة*
2021-03-31 00:00:00,1224688.40511999,29063.124,Miscellaneous Goods and Services,خدمات وسلع متنوعة*
2021-04-30 00:00:00,1122738.952,29633.1,Miscellaneous Goods and Services,خدمات وسلع متنوعة*
2021-05-31 00:00:00,1277200.0850199899,34198.138,Miscellaneous Goods and Services,خدمات وسلع متنوعة*
2021-06-30 00:00:00,1025058.71830999,36744.134,Miscellaneous Goods and Services,خدمات وسلع متنوعة*
2021-07-31 00:00:00,1027051.3249999899,40235.459,Miscellaneous Goods and Services,خدمات وسلع متنوعة*
2021-08-31 00:00:00,1209161.44332999,43143.775,Miscellaneous Goods and Services,خدمات وسلع متنوعة*
2021-09-30 00:00:00,1206046.991,44596.282,Miscellaneous Goods and Services,خدمات وسلع متنوعة*
2016-01-31 00:00:00,1036376.03806999,842.37,Electronic & Electric Devices ,الأجهزه الإلكترونية والكهربائية
2016-02-29 00:00:00,1022117.0542099901,820.446,Electronic & Electric Devices ,الأجهزه الإلكترونية والكهربائية
2016-03-31 00:00:00,1172707.66685999,890.796,Electronic & Electric Devices ,الأجهزه الإلكترونية والكهربائية
2016-04-30 00:00:00,1125882.22097999,862.45,Electronic & Electric Devices ,الأجهزه الإلكترونية والكهربائية
2016-05-31 00:00:00,1349508.10884999,1029.475,Electronic & Electric Devices ,الأجهزه الإلكترونية والكهربائية
2016-06-30 00:00:00,1404875.10042999,967.46,Electronic & Electric Devices ,الأجهزه الإلكترونية والكهربائية
2016-07-31 00:00:00,1075132.20791,752.96,Electronic & Electric Devices ,الأجهزه الإلكترونية والكهربائية
2016-08-31 00:00:00,1263222.19391999,895.343,Electronic & Electric Devices ,الأجهزه الإلكترونية والكهربائية
2016-09-30 00:00:00,1134590.23743999,789.698,Electronic & Electric Devices ,الأجهزه الإلكترونية والكهربائية
2016-10-31 00:00:00,1215377.6793399898,919.959,Electronic & Electric Devices ,الأجهزه الإلكترونية والكهربائية
2016-11-30 00:00:00,1543604.64394998,975.073,Electronic & Electric Devices ,الأجهزه الإلكترونية والكهربائية
2016-12-31 00:00:00,1371148.3333099799,996.419,Electronic & Electric Devices ,الأجهزه الإلكترونية والكهربائية
2017-01-31 00:00:00,1380035.48858998,976.721,Electronic & Electric Devices ,الأجهزه الإلكترونية والكهربائية
2017-02-28 00:00:00,1237060.16360999,922.919,Electronic & Electric Devices ,الأجهزه الإلكترونية والكهربائية
2017-03-31 00:00:00,1490827.95158998,1169.802,Electronic & Electric Devices ,الأجهزه الإلكترونية والكهربائية
2017-04-30 00:00:00,1436724.95005998,1170.912,Electronic & Electric Devices ,الأجهزه الإلكترونية والكهربائية
2017-05-31 00:00:00,1683747.37736998,1332.197,Electronic & Electric Devices ,الأجهزه الإلكترونية والكهربائية
2017-06-30 00:00:00,1618264.86289999,1009.316,Electronic & Electric Devices ,الأجهزه الإلكترونية والكهربائية
2017-07-31 00:00:00,1508301.6061299902,1070.272,Electronic & Electric Devices ,الأجهزه الإلكترونية والكهربائية
2017-08-31 00:00:00,1636943.38225998,1202.264,Electronic & Electric Devices ,الأجهزه الإلكترونية والكهربائية
2017-09-30 00:00:00,1346184.13128999,987.548,Electronic & Electric Devices ,الأجهزه الإلكترونية والكهربائية
2017-10-31 00:00:00,1557506.7482699798,1218.954,Electronic & Electric Devices ,الأجهزه الإلكترونية والكهربائية
2017-11-30 00:00:00,1944266.3788299698,1311.058,Electronic & Electric Devices ,الأجهزه الإلكترونية والكهربائية
2017-12-31 00:00:00,1953280.92917997,1338.946,Electronic & Electric Devices ,الأجهزه الإلكترونية والكهربائية
2018-01-31 00:00:00,1734932.93815998,1215.465,Electronic & Electric Devices ,الأجهزه الإلكترونية والكهربائية
2018-02-28 00:00:00,1695763.45544998,1146.451,Electronic & Electric Devices ,الأجهزه الإلكترونية والكهربائية
2018-03-31 00:00:00,2168941.26388997,1394.874,Electronic & Electric Devices ,الأجهزه الإلكترونية والكهربائية
2018-04-30 00:00:00,2107579.80427997,1308.149,Electronic & Electric Devices ,الأجهزه الإلكترونية والكهربائية
2018-05-31 00:00:00,2401633.4652799703,1457.95,Electronic & Electric Devices ,الأجهزه الإلكترونية والكهربائية
2018-06-30 00:00:00,1957218.5073899901,1139.143,Electronic & Electric Devices ,الأجهزه الإلكترونية والكهربائية
2018-07-31 00:00:00,2188053.95732998,1284.802,Electronic & Electric Devices ,الأجهزه الإلكترونية والكهربائية
2018-08-31 00:00:00,1972634.59755998,1001.204,Electronic & Electric Devices ,الأجهزه الإلكترونية والكهربائية
2018-09-30 00:00:00,2161908.28993998,1066.21,Electronic & Electric Devices ,الأجهزه الإلكترونية والكهربائية
2018-10-31 00:00:00,2088140.8645899799,1141.132,Electronic & Electric Devices ,الأجهزه الإلكترونية والكهربائية
2018-11-30 00:00:00,2410250.2451799796,1099.221,Electronic & Electric Devices ,الأجهزه الإلكترونية والكهربائية
2018-12-31 00:00:00,2320229.8055699803,1205.003,Electronic & Electric Devices ,الأجهزه الإلكترونية والكهربائية
2019-01-31 00:00:00,2290039.32895997,1241.911,Electronic & Electric Devices ,الأجهزه الإلكترونية والكهربائية
2019-02-28 00:00:00,2077502.28805997,1117.084,Electronic & Electric Devices ,الأجهزه الإلكترونية والكهربائية
2019-03-31 00:00:00,2515978.4984499696,1357.754,Electronic & Electric Devices ,الأجهزه الإلكترونية والكهربائية
2019-04-30 00:00:00,2404890.9934499697,1388.068,Electronic & Electric Devices ,الأجهزه الإلكترونية والكهربائية
2019-05-31 00:00:00,2576911.213,1638.598,Electronic & Electric Devices ,الأجهزه الإلكترونية والكهربائية
2019-06-30 00:00:00,1916124.80496998,1424.409,Electronic & Electric Devices ,الأجهزه الإلكترونية والكهربائية
2019-07-31 00:00:00,2384534.3569099796,1703.249,Electronic & Electric Devices ,الأجهزه الإلكترونية والكهربائية
2019-08-31 00:00:00,2135942.80347999,1633.314,Electronic & Electric Devices ,الأجهزه الإلكترونية والكهربائية
2019-09-30 00:00:00,2556362.26399998,1792.463,Electronic & Electric Devices ,الأجهزه الإلكترونية والكهربائية
2019-10-31 00:00:00,2626943.1160399797,1967.232,Electronic & Electric Devices ,الأجهزه الإلكترونية والكهربائية
2019-11-30 00:00:00,2417280.33770998,2167.326,Electronic & Electric Devices ,الأجهزه الإلكترونية والكهربائية
2019-12-31 00:00:00,2756321.65710998,1983.232,Electronic & Electric Devices ,الأجهزه الإلكترونية والكهربائية
2020-01-31 00:00:00,2646015.73192999,1937.388,Electronic & Electric Devices ,الأجهزه الإلكترونية والكهربائية
2020-02-29 00:00:00,2560020.17561999,1885.458,Electronic & Electric Devices ,الأجهزه الإلكترونية والكهربائية
2020-03-31 00:00:00,2328772.1310099903,1963.28,Electronic & Electric Devices ,الأجهزه الإلكترونية والكهربائية
2020-04-30 00:00:00,1324488.09994999,1365.367,Electronic & Electric Devices ,الأجهزه الإلكترونية والكهربائية
2020-05-31 00:00:00,1674868.4315799898,1987.209,Electronic & Electric Devices ,الأجهزه الإلكترونية والكهربائية
2020-06-30 00:00:00,2818807.81642,2932.858,Electronic & Electric Devices ,الأجهزه الإلكترونية والكهربائية
2020-07-31 00:00:00,2424150.31545997,2599.502,Electronic & Electric Devices ,الأجهزه الإلكترونية والكهربائية
2020-08-31 00:00:00,2242393.05265998,2591.885,Electronic & Electric Devices ,الأجهزه الإلكترونية والكهربائية
2020-09-30 00:00:00,2664892.632,2937.434,Electronic & Electric Devices ,الأجهزه الإلكترونية والكهربائية
2020-10-31 00:00:00,2605509.016,2931.431,Electronic & Electric Devices ,الأجهزه الإلكترونية والكهربائية
2020-11-30 00:00:00,2703378.1533699096,3113.109,Electronic & Electric Devices ,الأجهزه الإلكترونية والكهربائية
2020-12-31 00:00:00,3179503.322,2981.506,Electronic & Electric Devices ,الأجهزه الإلكترونية والكهربائية
2021-01-31 00:00:00,3077263.85903992,2905.623,Electronic & Electric Devices ,الأجهزه الإلكترونية والكهربائية
2021-02-28 00:00:00,2674651.9429799197,2665.858,Electronic & Electric Devices ,الأجهزه الإلكترونية والكهربائية
2021-03-31 00:00:00,3548684.42698998,3192.328,Electronic & Electric Devices ,الأجهزه الإلكترونية والكهربائية
2021-04-30 00:00:00,3319115.516,2973.944,Electronic & Electric Devices ,الأجهزه الإلكترونية والكهربائية
2021-05-31 00:00:00,3493036.2533099498,2810.706,Electronic & Electric Devices ,الأجهزه الإلكترونية والكهربائية
2021-06-30 00:00:00,3627186.7218900397,2885.081,Electronic & Electric Devices ,الأجهزه الإلكترونية والكهربائية
2021-07-31 00:00:00,3632197.8191700303,2812.544,Electronic & Electric Devices ,الأجهزه الإلكترونية والكهربائية
2021-08-31 00:00:00,3844434.21539014,3161.622,Electronic & Electric Devices ,الأجهزه الإلكترونية والكهربائية
2021-09-30 00:00:00,3901750.623,3137.688,Electronic & Electric Devices ,الأجهزه الإلكترونية والكهربائية
2016-01-31 00:00:00,822679.056809991,669.622,Furniture,الأثاث
2016-02-29 00:00:00,804887.697189991,570.772,Furniture,الأثاث
2016-03-31 00:00:00,949084.7489699889,633.155,Furniture,الأثاث
2016-04-30 00:00:00,909281.470779991,635.593,Furniture,الأثاث
2016-05-31 00:00:00,1112796.42716999,749.25,Furniture,الأثاث
2016-06-30 00:00:00,934277.329999993,713.432,Furniture,الأثاث
2016-07-31 00:00:00,706316.066909996,525.955,Furniture,الأثاث
2016-08-31 00:00:00,862491.897899992,616.351,Furniture,الأثاث
2016-09-30 00:00:00,677037.737239995,597.261,Furniture,الأثاث
2016-10-31 00:00:00,836629.464929991,668.726,Furniture,الأثاث
2016-11-30 00:00:00,801207.7893899899,698.886,Furniture,الأثاث
2016-12-31 00:00:00,803429.68578999,753.696,Furniture,الأثاث
2017-01-31 00:00:00,786050.735839987,735.032,Furniture,الأثاث
2017-02-28 00:00:00,707090.16838999,598.592,Furniture,الأثاث
2017-03-31 00:00:00,848581.275779987,689.963,Furniture,الأثاث
2017-04-30 00:00:00,886876.1560199879,729.255,Furniture,الأثاث
2017-05-31 00:00:00,1014775.4307999901,859.481,Furniture,الأثاث
2017-06-30 00:00:00,689352.473609993,756.896,Furniture,الأثاث
2017-07-31 00:00:00,795509.205819993,664.158,Furniture,الأثاث
2017-08-31 00:00:00,823304.691389989,791.389,Furniture,الأثاث
2017-09-30 00:00:00,645098.1188299931,698.739,Furniture,الأثاث
2017-10-31 00:00:00,817229.657419989,837.172,Furniture,الأثاث
2017-11-30 00:00:00,838026.348899989,872.15,Furniture,الأثاث
2017-12-31 00:00:00,1021036.73727999,1077.254,Furniture,الأثاث
2018-01-31 00:00:00,695050.570249993,839.641,Furniture,الأثاث
2018-02-28 00:00:00,674726.2472499941,807.985,Furniture,الأثاث
2018-03-31 00:00:00,877811.3653199901,1049.71,Furniture,الأثاث
2018-04-30 00:00:00,845092.867889991,1026.462,Furniture,الأثاث
2018-05-31 00:00:00,921688.849749989,1162.925,Furniture,الأثاث
2018-06-30 00:00:00,650779.842779994,975.235,Furniture,الأثاث
2018-07-31 00:00:00,790603.324269991,1073.244,Furniture,الأثاث
2018-08-31 00:00:00,617425.951699996,1044.394,Furniture,الأثاث
2018-09-30 00:00:00,673096.931349995,1068.854,Furniture,الأثاث
2018-10-31 00:00:00,687044.6120299919,1138.735,Furniture,الأثاث
2018-11-30 00:00:00,628124.4297899931,1176.764,Furniture,الأثاث
2018-12-31 00:00:00,695351.370469993,1399.254,Furniture,الأثاث
2019-01-31 00:00:00,676315.3207799931,1235.206,Furniture,الأثاث
2019-02-28 00:00:00,631281.895839994,1116.431,Furniture,الأثاث
2019-03-31 00:00:00,786550.177749992,1415.216,Furniture,الأثاث
2019-04-30 00:00:00,865057.67151999,1549.739,Furniture,الأثاث
2019-05-31 00:00:00,992138.354,1671.032,Furniture,الأثاث
2019-06-30 00:00:00,832193.855949992,1220.943,Furniture,الأثاث
2019-07-31 00:00:00,1039371.32824999,1530.457,Furniture,الأثاث
2019-08-31 00:00:00,868761.549609993,1527.336,Furniture,الأثاث
2019-09-30 00:00:00,1032223.74872999,1617.287,Furniture,الأثاث
2019-10-31 00:00:00,1133987.44422999,1677.212,Furniture,الأثاث
2019-11-30 00:00:00,1265138.61554999,1808.02,Furniture,الأثاث
2019-12-31 00:00:00,1068115.20967999,2034.676,Furniture,الأثاث
2020-01-31 00:00:00,1003950.27548999,1970.447,Furniture,الأثاث
2020-02-29 00:00:00,1049466.94649999,1772.013,Furniture,الأثاث
2020-03-31 00:00:00,1088074.60499999,1453.336,Furniture,الأثاث
2020-04-30 00:00:00,596740.867139996,784.243,Furniture,الأثاث
2020-05-31 00:00:00,1032395.8923199901,1794.772,Furniture,الأثاث
2020-06-30 00:00:00,2268705.96455,2856.206,Furniture,الأثاث
2020-07-31 00:00:00,1059495.09989998,2993.056,Furniture,الأثاث
2020-08-31 00:00:00,1163198.5944999899,2560.68,Furniture,الأثاث
2020-09-30 00:00:00,1337175.478,2951.839,Furniture,الأثاث
2020-10-31 00:00:00,1288039.381,3080.8,Furniture,الأثاث
2020-11-30 00:00:00,1498924.37527998,3190.595,Furniture,الأثاث
2020-12-31 00:00:00,1324599.28,3759.554,Furniture,الأثاث
2021-01-31 00:00:00,1246099.7920999802,3500.601,Furniture,الأثاث
2021-02-28 00:00:00,1173039.84570999,2897.417,Furniture,الأثاث
2021-03-31 00:00:00,1475326.34530998,4203.287,Furniture,الأثاث
2021-04-30 00:00:00,1258895.559,4102.15,Furniture,الأثاث
2021-05-31 00:00:00,1114537.6128799901,3826.341,Furniture,الأثاث
2021-06-30 00:00:00,1202314.25803998,3479.252,Furniture,الأثاث
2021-07-31 00:00:00,1091501.44302999,3705.822,Furniture,الأثاث
2021-08-31 00:00:00,1229508.38119998,3713.241,Furniture,الأثاث
2021-09-30 00:00:00,1220401.381,3811.191,Furniture,الأثاث
2016-01-31 00:00:00,662398.200699995,435.267,Construction & Building Materials,مواد البناء و التعمير
2016-02-29 00:00:00,591979.726749995,427.577,Construction & Building Materials,مواد البناء و التعمير
2016-03-31 00:00:00,694419.789699993,468.544,Construction & Building Materials,مواد البناء و التعمير
2016-04-30 00:00:00,684701.658879995,464.22,Construction & Building Materials,مواد البناء و التعمير
2016-05-31 00:00:00,825162.114769994,543.605,Construction & Building Materials,مواد البناء و التعمير
2016-06-30 00:00:00,743627.4455699951,450.974,Construction & Building Materials,مواد البناء و التعمير
2016-07-31 00:00:00,524190.936669998,371.997,Construction & Building Materials,مواد البناء و التعمير
2016-08-31 00:00:00,673660.415359994,483.282,Construction & Building Materials,مواد البناء و التعمير
2016-09-30 00:00:00,552376.4609399961,383.361,Construction & Building Materials,مواد البناء و التعمير
2016-10-31 00:00:00,615967.465509995,499.799,Construction & Building Materials,مواد البناء و التعمير
2016-11-30 00:00:00,667170.482279993,533.696,Construction & Building Materials,مواد البناء و التعمير
2016-12-31 00:00:00,721645.539429992,558.749,Construction & Building Materials,مواد البناء و التعمير
2017-01-31 00:00:00,666593.8549499919,558.508,Construction & Building Materials,مواد البناء و التعمير
2017-02-28 00:00:00,538217.842849995,504.937,Construction & Building Materials,مواد البناء و التعمير
2017-03-31 00:00:00,627695.742869994,620.07,Construction & Building Materials,مواد البناء و التعمير
2017-04-30 00:00:00,688699.070489993,654.65,Construction & Building Materials,مواد البناء و التعمير
2017-05-31 00:00:00,769674.845259992,700.556,Construction & Building Materials,مواد البناء و التعمير
2017-06-30 00:00:00,629108.5595899951,463.675,Construction & Building Materials,مواد البناء و التعمير
2017-07-31 00:00:00,639540.576529996,567.841,Construction & Building Materials,مواد البناء و التعمير
2017-08-31 00:00:00,692413.5550299931,624.671,Construction & Building Materials,مواد البناء و التعمير
2017-09-30 00:00:00,563999.0891399949,507.455,Construction & Building Materials,مواد البناء و التعمير
2017-10-31 00:00:00,687909.620799992,651.455,Construction & Building Materials,مواد البناء و التعمير
2017-11-30 00:00:00,752892.983169994,695.452,Construction & Building Materials,مواد البناء و التعمير
2017-12-31 00:00:00,1064922.42029999,792.107,Construction & Building Materials,مواد البناء و التعمير
2018-01-31 00:00:00,598925.647599995,689.492,Construction & Building Materials,مواد البناء و التعمير
2018-02-28 00:00:00,610201.996249994,644.833,Construction & Building Materials,مواد البناء و التعمير
2018-03-31 00:00:00,820057.0480399899,790.19,Construction & Building Materials,مواد البناء و التعمير
2018-04-30 00:00:00,837615.7994899909,803.462,Construction & Building Materials,مواد البناء و التعمير
2018-05-31 00:00:00,937939.90526999,817.914,Construction & Building Materials,مواد البناء و التعمير
2018-06-30 00:00:00,681696.1969199949,642.907,Construction & Building Materials,مواد البناء و التعمير
2018-07-31 00:00:00,838897.792199991,799.193,Construction & Building Materials,مواد البناء و التعمير
2018-08-31 00:00:00,713819.687009995,764.754,Construction & Building Materials,مواد البناء و التعمير
2018-09-30 00:00:00,745206.5807599929,792.74,Construction & Building Materials,مواد البناء و التعمير
2018-10-31 00:00:00,772316.746209993,912.263,Construction & Building Materials,مواد البناء و التعمير
2018-11-30 00:00:00,822763.147429992,940.4,Construction & Building Materials,مواد البناء و التعمير
2018-12-31 00:00:00,991808.0168199871,1071.21,Construction & Building Materials,مواد البناء و التعمير
2019-01-31 00:00:00,802069.936089992,1023.415,Construction & Building Materials,مواد البناء و التعمير
2019-02-28 00:00:00,736377.748429992,964.714,Construction & Building Materials,مواد البناء و التعمير
2019-03-31 00:00:00,967104.968079988,1180.556,Construction & Building Materials,مواد البناء و التعمير
2019-04-30 00:00:00,1061816.0860299799,1235.156,Construction & Building Materials,مواد البناء و التعمير
2019-05-31 00:00:00,1080166.321,1194.623,Construction & Building Materials,مواد البناء و التعمير
2019-06-30 00:00:00,720435.188919995,1021.584,Construction & Building Materials,مواد البناء و التعمير
2019-07-31 00:00:00,976377.06140999,1311.552,Construction & Building Materials,مواد البناء و التعمير
2019-08-31 00:00:00,829737.26019999,1186.247,Construction & Building Materials,مواد البناء و التعمير
2019-09-30 00:00:00,996060.915459995,1328.251,Construction & Building Materials,مواد البناء و التعمير
2019-10-31 00:00:00,948695.163599985,1535.411,Construction & Building Materials,مواد البناء و التعمير
2019-11-30 00:00:00,1054961.40603999,1632.749,Construction & Building Materials,مواد البناء و التعمير
2019-12-31 00:00:00,1193816.15495998,1773.197,Construction & Building Materials,مواد البناء و التعمير
2020-01-31 00:00:00,1004331.71167999,1743.096,Construction & Building Materials,مواد البناء و التعمير
2020-02-29 00:00:00,948118.3313699829,1731.492,Construction & Building Materials,مواد البناء و التعمير
2020-03-31 00:00:00,808251.7561199891,1947.396,Construction & Building Materials,مواد البناء و التعمير
2020-04-30 00:00:00,318437.708619999,1480.169,Construction & Building Materials,مواد البناء و التعمير
2020-05-31 00:00:00,842235.95958999,1736.309,Construction & Building Materials,مواد البناء و التعمير
2020-06-30 00:00:00,2192985.3708,3097.491,Construction & Building Materials,مواد البناء و التعمير
2020-07-31 00:00:00,1210277.6371299801,2898.067,Construction & Building Materials,مواد البناء و التعمير
2020-08-31 00:00:00,1115366.42733998,2676.984,Construction & Building Materials,مواد البناء و التعمير
2020-09-30 00:00:00,1407799.774,2895.685,Construction & Building Materials,مواد البناء و التعمير
2020-10-31 00:00:00,1328186.167,3152.096,Construction & Building Materials,مواد البناء و التعمير
2020-11-30 00:00:00,1488631.18793997,3265.097,Construction & Building Materials,مواد البناء و التعمير
2020-12-31 00:00:00,1694837.779,3542.064,Construction & Building Materials,مواد البناء و التعمير
2021-01-31 00:00:00,1411945.70947997,3393.557,Construction & Building Materials,مواد البناء و التعمير
2021-02-28 00:00:00,1266835.98686998,3138.517,Construction & Building Materials,مواد البناء و التعمير
2021-03-31 00:00:00,1790787.5850499598,3953.996,Construction & Building Materials,مواد البناء و التعمير
2021-04-30 00:00:00,1630138.114,3664.59,Construction & Building Materials,مواد البناء و التعمير
2021-05-31 00:00:00,1319863.82497997,3396.001,Construction & Building Materials,مواد البناء و التعمير
2021-06-30 00:00:00,1360692.21873997,3658.67,Construction & Building Materials,مواد البناء و التعمير
2021-07-31 00:00:00,1267558.87079998,3572.231,Construction & Building Materials,مواد البناء و التعمير
2021-08-31 00:00:00,1263704.76621997,3825.614,Construction & Building Materials,مواد البناء و التعمير
2021-09-30 00:00:00,1540192.455,3864.347,Construction & Building Materials,مواد البناء و التعمير
2016-01-31 00:00:00,938653.196809992,472.204,Jewelry,المجوهرات 
2016-02-29 00:00:00,920272.938609991,401.936,Jewelry,المجوهرات 
2016-03-31 00:00:00,1048414.86202999,499.762,Jewelry,المجوهرات 
2016-04-30 00:00:00,1000533.0762999901,455.086,Jewelry,المجوهرات 
2016-05-31 00:00:00,1100107.52093999,576.297,Jewelry,المجوهرات 
2016-06-30 00:00:00,723522.852629994,721.842,Jewelry,المجوهرات 
2016-07-31 00:00:00,681783.756399997,595.611,Jewelry,المجوهرات 
2016-08-31 00:00:00,929793.112409991,462.879,Jewelry,المجوهرات 
2016-09-30 00:00:00,658903.555759995,442.903,Jewelry,المجوهرات 
2016-10-31 00:00:00,862500.8403099901,389.378,Jewelry,المجوهرات 
2016-11-30 00:00:00,894558.9560199879,435.095,Jewelry,المجوهرات 
2016-12-31 00:00:00,936241.938179989,517.051,Jewelry,المجوهرات 
2017-01-31 00:00:00,950406.852349985,558.613,Jewelry,المجوهرات 
2017-02-28 00:00:00,818256.837379989,445.809,Jewelry,المجوهرات 
2017-03-31 00:00:00,959234.866409989,632.525,Jewelry,المجوهرات 
2017-04-30 00:00:00,1034236.51263999,549.988,Jewelry,المجوهرات 
2017-05-31 00:00:00,988872.1674999871,675.531,Jewelry,المجوهرات 
2017-06-30 00:00:00,525903.551769998,1027.917,Jewelry,المجوهرات 
2017-07-31 00:00:00,870306.866209993,492.858,Jewelry,المجوهرات 
2017-08-31 00:00:00,859477.172519989,592.311,Jewelry,المجوهرات 
2017-09-30 00:00:00,694420.494429993,401.251,Jewelry,المجوهرات 
2017-10-31 00:00:00,902942.367729987,446.041,Jewelry,المجوهرات 
2017-11-30 00:00:00,903646.670959988,460.516,Jewelry,المجوهرات 
2017-12-31 00:00:00,1236178.11863998,578.429,Jewelry,المجوهرات 
2018-01-31 00:00:00,786434.231779993,499.044,Jewelry,المجوهرات 
2018-02-28 00:00:00,782345.7518299901,452.853,Jewelry,المجوهرات 
2018-03-31 00:00:00,977079.0809499851,639.948,Jewelry,المجوهرات 
2018-04-30 00:00:00,999050.051089988,616.939,Jewelry,المجوهرات 
2018-05-31 00:00:00,866117.81584999,761.454,Jewelry,المجوهرات 
2018-06-30 00:00:00,604075.571389997,1028.394,Jewelry,المجوهرات 
2018-07-31 00:00:00,914678.936679989,592.641,Jewelry,المجوهرات 
2018-08-31 00:00:00,791324.4640299899,671.579,Jewelry,المجوهرات 
2018-09-30 00:00:00,863542.60905999,478.675,Jewelry,المجوهرات 
2018-10-31 00:00:00,950249.461159989,508.328,Jewelry,المجوهرات 
2018-11-30 00:00:00,913216.216979987,537.509,Jewelry,المجوهرات 
2018-12-31 00:00:00,1069499.98869998,720.178,Jewelry,المجوهرات 
2019-01-31 00:00:00,1016552.24944999,624.753,Jewelry,المجوهرات 
2019-02-28 00:00:00,971787.719509986,574.471,Jewelry,المجوهرات 
2019-03-31 00:00:00,1166672.00337999,798.28,Jewelry,المجوهرات 
2019-04-30 00:00:00,1202743.62949999,800.835,Jewelry,المجوهرات 
2019-05-31 00:00:00,914062.8424,1236.534,Jewelry,المجوهرات 
2019-06-30 00:00:00,872064.183999988,910.031,Jewelry,المجوهرات 
2019-07-31 00:00:00,1157338.26128998,726.464,Jewelry,المجوهرات 
2019-08-31 00:00:00,905328.970419986,767.98,Jewelry,المجوهرات 
2019-09-30 00:00:00,1097270.1751399802,576.731,Jewelry,المجوهرات 
2019-10-31 00:00:00,1209676.60039998,624.591,Jewelry,المجوهرات 
2019-11-30 00:00:00,1224933.21364998,647.34,Jewelry,المجوهرات 
2019-12-31 00:00:00,1410387.21224999,774.969,Jewelry,المجوهرات 
2020-01-31 00:00:00,1330863.5315899798,763.203,Jewelry,المجوهرات 
2020-02-29 00:00:00,1373983.9712999798,685.302,Jewelry,المجوهرات 
2020-03-31 00:00:00,1529520.23300999,423.218,Jewelry,المجوهرات 
2020-04-30 00:00:00,739832.263769993,152.204,Jewelry,المجوهرات 
2020-05-31 00:00:00,930209.169589987,707.83,Jewelry,المجوهرات 
2020-06-30 00:00:00,3029934.5103800003,1051.612,Jewelry,المجوهرات 
2020-07-31 00:00:00,1304793.25024998,852.256,Jewelry,المجوهرات 
2020-08-31 00:00:00,1352273.263,614.95,Jewelry,المجوهرات 
2020-09-30 00:00:00,1495657.882,711.589,Jewelry,المجوهرات 
2020-10-31 00:00:00,1571106.116,732.776,Jewelry,المجوهرات 
2020-11-30 00:00:00,1642005.8554199701,740.062,Jewelry,المجوهرات 
2020-12-31 00:00:00,1815442.606,880.54,Jewelry,المجوهرات 
2021-01-31 00:00:00,1687722.44299997,842.849,Jewelry,المجوهرات 
2021-02-28 00:00:00,1606927.1741299601,712.407,Jewelry,المجوهرات 
2021-03-31 00:00:00,1964356.55818995,1003.382,Jewelry,المجوهرات 
2021-04-30 00:00:00,1483101.344,995.636,Jewelry,المجوهرات 
2021-05-31 00:00:00,1338381.88612997,1422.425,Jewelry,المجوهرات 
2021-06-30 00:00:00,1623235.13297997,896.109,Jewelry,المجوهرات 
2021-07-31 00:00:00,1325546.47601997,964.218,Jewelry,المجوهرات 
2021-08-31 00:00:00,1488725.63720996,837.97,Jewelry,المجوهرات 
2021-09-30 00:00:00,1520935.1,843.891,Jewelry,المجوهرات 
2016-01-31 00:00:00,990634.552179987,,Telecommunication,الاتصالات
2016-02-29 00:00:00,850520.31397999,,Telecommunication,الاتصالات
2016-03-31 00:00:00,1040552.20168998,,Telecommunication,الاتصالات
2016-04-30 00:00:00,968106.00898999,,Telecommunication,الاتصالات
2016-05-31 00:00:00,1117546.35947999,,Telecommunication,الاتصالات
2016-06-30 00:00:00,1301553.57383998,,Telecommunication,الاتصالات
2016-07-31 00:00:00,1109025.3976799902,,Telecommunication,الاتصالات
2016-08-31 00:00:00,858030.342529987,,Telecommunication,الاتصالات
2016-09-30 00:00:00,759850.650539992,,Telecommunication,الاتصالات
2016-10-31 00:00:00,723979.323809991,,Telecommunication,الاتصالات
2016-11-30 00:00:00,779637.438089988,,Telecommunication,الاتصالات
2016-12-31 00:00:00,984791.169999984,,Telecommunication,الاتصالات
2017-01-31 00:00:00,1001591.55869998,,Telecommunication,الاتصالات
2017-02-28 00:00:00,801153.8761199879,,Telecommunication,الاتصالات
2017-03-31 00:00:00,1065410.19932999,,Telecommunication,الاتصالات
2017-04-30 00:00:00,926038.374089986,,Telecommunication,الاتصالات
2017-05-31 00:00:00,1056174.71018998,,Telecommunication,الاتصالات
2017-06-30 00:00:00,1618662.7552999798,,Telecommunication,الاتصالات
2017-07-31 00:00:00,895011.933559989,,Telecommunication,الاتصالات
2017-08-31 00:00:00,931876.322179984,,Telecommunication,الاتصالات
2017-09-30 00:00:00,657139.047769992,,Telecommunication,الاتصالات
2017-10-31 00:00:00,775608.5679799891,,Telecommunication,الاتصالات
2017-11-30 00:00:00,777533.7751899901,,Telecommunication,الاتصالات
2017-12-31 00:00:00,1210318.35394998,,Telecommunication,الاتصالات
2018-01-31 00:00:00,737895.914969991,,Telecommunication,الاتصالات
2018-02-28 00:00:00,728601.46651999,,Telecommunication,الاتصالات
2018-03-31 00:00:00,1049684.58884998,,Telecommunication,الاتصالات
2018-04-30 00:00:00,964864.421239986,,Telecommunication,الاتصالات
2018-05-31 00:00:00,1186432.62513998,,Telecommunication,الاتصالات
2018-06-30 00:00:00,1548046.9301799801,,Telecommunication,الاتصالات
2018-07-31 00:00:00,942968.045129985,,Telecommunication,الاتصالات
2018-08-31 00:00:00,1023998.8174499901,,Telecommunication,الاتصالات
2018-09-30 00:00:00,715843.89758999,,Telecommunication,الاتصالات
2018-10-31 00:00:00,758489.3543999881,,Telecommunication,الاتصالات
2018-11-30 00:00:00,783562.58716999,,Telecommunication,الاتصالات
2018-12-31 00:00:00,1050808.25909999,,Telecommunication,الاتصالات
2019-01-31 00:00:00,885794.064259982,,Telecommunication,الاتصالات
2019-02-28 00:00:00,853893.244159985,,Telecommunication,الاتصالات
2019-03-31 00:00:00,1189577.64257998,,Telecommunication,الاتصالات
2019-04-30 00:00:00,1130409.95388998,,Telecommunication,الاتصالات
2019-05-31 00:00:00,1733235.107,,Telecommunication,الاتصالات
2019-06-30 00:00:00,1181050.49189998,,Telecommunication,الاتصالات
2019-07-31 00:00:00,882539.483809986,,Telecommunication,الاتصالات
2019-08-31 00:00:00,864090.6203399859,,Telecommunication,الاتصالات
2019-09-30 00:00:00,716881.0257499911,,Telecommunication,الاتصالات
2019-10-31 00:00:00,803757.819539989,,Telecommunication,الاتصالات
2019-11-30 00:00:00,852607.61599999,,Telecommunication,الاتصالات
2019-12-31 00:00:00,1026820.44441999,,Telecommunication,الاتصالات
2020-01-31 00:00:00,961003.676079989,,Telecommunication,الاتصالات
2020-02-29 00:00:00,900917.972509989,,Telecommunication,الاتصالات
2020-03-31 00:00:00,508739.49168999796,,Telecommunication,الاتصالات
2020-04-30 00:00:00,100490.23101999999,,Telecommunication,الاتصالات
2020-05-31 00:00:00,965424.5093599879,,Telecommunication,الاتصالات
2020-06-30 00:00:00,2126401.03951,,Telecommunication,الاتصالات
2020-07-31 00:00:00,917725.460449984,,Telecommunication,الاتصالات
2020-08-31 00:00:00,692711.4273,,Telecommunication,الاتصالات
2020-09-30 00:00:00,796903.732,,Telecommunication,الاتصالات
2020-10-31 00:00:00,870998.542,,Telecommunication,الاتصالات
2020-11-30 00:00:00,915165.0440399869,,Telecommunication,الاتصالات
2020-12-31 00:00:00,1086820.486,,Telecommunication,الاتصالات
2021-01-31 00:00:00,1075270.78513998,,Telecommunication,الاتصالات
2021-02-28 00:00:00,1007453.60525999,,Telecommunication,الاتصالات
2021-03-31 00:00:00,1362108.8230899798,,Telecommunication,الاتصالات
2021-04-30 00:00:00,1255788.706,,Telecommunication,الاتصالات
2021-05-31 00:00:00,1649589.18153998,,Telecommunication,الاتصالات
2021-06-30 00:00:00,1057748.09234999,,Telecommunication,الاتصالات
2021-07-31 00:00:00,1028379.81356999,,Telecommunication,الاتصالات
2021-08-31 00:00:00,896099.531739988,,Telecommunication,الاتصالات
2021-09-30 00:00:00,848013.287,,Telecommunication,الاتصالات
2016-01-31 00:00:00,212.132,142180.90085,Education,التعليم
2016-02-29 00:00:00,188.838,116437.98379000001,Education,التعليم
2016-03-31 00:00:00,216.681,133246.8665,Education,التعليم
2016-04-30 00:00:00,218.137,126762.67369,Education,التعليم
2016-05-31 00:00:00,263.325,159363.98163999998,Education,التعليم
2016-06-30 00:00:00,234.719,148368.38531,Education,التعليم
2016-07-31 00:00:00,203.568,111266.27515999999,Education,التعليم
2016-08-31 00:00:00,234.623,130845.24990000001,Education,التعليم
2016-09-30 00:00:00,228.72,125633.24794,Education,التعليم
2016-10-31 00:00:00,272.997,162913.30531999998,Education,التعليم
2016-11-30 00:00:00,310.507,170746.88454,Education,التعليم
2016-12-31 00:00:00,339.388,191237.30966,Education,التعليم
2017-01-31 00:00:00,340.382,197940.63284,Education,التعليم
2017-02-28 00:00:00,290.898,163205.68769,Education,التعليم
2017-03-31 00:00:00,339.735,169643.17778,Education,التعليم
2017-04-30 00:00:00,340.574,169107.70386,Education,التعليم
2017-05-31 00:00:00,360.087,190324.95178,Education,التعليم
2017-06-30 00:00:00,306.775,183437.22205,Education,التعليم
2017-07-31 00:00:00,351.471,174427.37582,Education,التعليم
2017-08-31 00:00:00,354.084,169261.77028,Education,التعليم
2017-09-30 00:00:00,286.14,121648.0349,Education,التعليم
2017-10-31 00:00:00,362.169,159811.1486,Education,التعليم
2017-11-30 00:00:00,366.553,186678.9378,Education,التعليم
2017-12-31 00:00:00,399.058,203438.33967,Education,التعليم
2018-01-31 00:00:00,371.865,168704.1671,Education,التعليم
2018-02-28 00:00:00,329.978,139424.8786,Education,التعليم
2018-03-31 00:00:00,410.958,172581.74180000002,Education,التعليم
2018-04-30 00:00:00,393.906,161698.2943,Education,التعليم
2018-05-31 00:00:00,411.973,184062.1049,Education,التعليم
2018-06-30 00:00:00,388.964,164460.30964,Education,التعليم
2018-07-31 00:00:00,457.96,166760.58976,Education,التعليم
2018-08-31 00:00:00,401.057,147174.64265999998,Education,التعليم
2018-09-30 00:00:00,431.089,142405.77799,Education,التعليم
2018-10-31 00:00:00,467.48,164682.60648,Education,التعليم
2018-11-30 00:00:00,462.784,161923.98421,Education,التعليم
2018-12-31 00:00:00,500.652,172324.23088,Education,التعليم
2019-01-31 00:00:00,480.769,157581.52719,Education,التعليم
2019-02-28 00:00:00,429.429,129559.50422,Education,التعليم
2019-03-31 00:00:00,516.013,159813.41383,Education,التعليم
2019-04-30 00:00:00,464.39,154405.30497,Education,التعليم
2019-05-31 00:00:00,556.651,192872.9794,Education,التعليم
2019-06-30 00:00:00,452.041,139261.66786000002,Education,التعليم
2019-07-31 00:00:00,551.051,154727.29443,Education,التعليم
2019-08-31 00:00:00,516.372,138939.71853,Education,التعليم
2019-09-30 00:00:00,548.31,146983.748690001,Education,التعليم
2019-10-31 00:00:00,624.567,195767.87939,Education,التعليم
2019-11-30 00:00:00,539.437,155886.829830001,Education,التعليم
2019-12-31 00:00:00,589.2,171597.31806,Education,التعليم
2020-01-31 00:00:00,575.153,159906.67857,Education,التعليم
2020-02-29 00:00:00,546.038,138739.19018,Education,التعليم
2020-03-31 00:00:00,543.372,153644.990660001,Education,التعليم
2020-04-30 00:00:00,386.172,127181.60673999999,Education,التعليم
2020-05-31 00:00:00,696.724,251311.10463999902,Education,التعليم
2020-06-30 00:00:00,987.408,349905.72794,Education,التعليم
2020-07-31 00:00:00,1011.296,239712.138339998,Education,التعليم
2020-08-31 00:00:00,971.367,236409.2945,Education,التعليم
2020-09-30 00:00:00,1175.774,286317.333,Education,التعليم
2020-10-31 00:00:00,1079.274,259868.073,Education,التعليم
2020-11-30 00:00:00,1152.938,303830.44136999897,Education,التعليم
2020-12-31 00:00:00,1331.267,344736.24,Education,التعليم
2021-01-31 00:00:00,1333.799,328154.75831,Education,التعليم
2021-02-28 00:00:00,1211.233,281367.96483,Education,التعليم
2021-03-31 00:00:00,1568.491,430542.415930001,Education,التعليم
2021-04-30 00:00:00,1595.875,479791.347,Education,التعليم
2021-05-31 00:00:00,1588.825,469860.27031999,Education,التعليم
2021-06-30 00:00:00,1522.689,423334.31480999896,Education,التعليم
2021-07-31 00:00:00,1578.533,422935.63316,Education,التعليم
2021-08-31 00:00:00,1815.479,451407.68504,Education,التعليم
2021-09-30 00:00:00,1788.749,418227.517,Education,التعليم
2016-01-31 00:00:00,106.805,570268.352919999,Public Utilities,المنافع العامة
2016-02-29 00:00:00,97.106,366526.11694999895,Public Utilities,المنافع العامة
2016-03-31 00:00:00,93.148,338307.434049999,Public Utilities,المنافع العامة
2016-04-30 00:00:00,97.959,389585.307999999,Public Utilities,المنافع العامة
2016-05-31 00:00:00,114.547,532452.128409999,Public Utilities,المنافع العامة
2016-06-30 00:00:00,57.757,188969.20461000002,Public Utilities,المنافع العامة
2016-07-31 00:00:00,36.016,75837.62216,Public Utilities,المنافع العامة
2016-08-31 00:00:00,64.496,288487.80773,Public Utilities,المنافع العامة
2016-09-30 00:00:00,187.175,1143966.94267,Public Utilities,المنافع العامة
2016-10-31 00:00:00,109.576,397629.72550999897,Public Utilities,المنافع العامة
2016-11-30 00:00:00,81.366,262775.39011000004,Public Utilities,المنافع العامة
2016-12-31 00:00:00,96.725,318430.188439999,Public Utilities,المنافع العامة
2017-01-31 00:00:00,98.159,415813.49982999905,Public Utilities,المنافع العامة
2017-02-28 00:00:00,150.175,699394.256889998,Public Utilities,المنافع العامة
2017-03-31 00:00:00,127.091,447250.415609999,Public Utilities,المنافع العامة
2017-04-30 00:00:00,122.554,438878.022479999,Public Utilities,المنافع العامة
2017-05-31 00:00:00,144.929,622156.262659998,Public Utilities,المنافع العامة
2017-06-30 00:00:00,41.501,119852.57414,Public Utilities,المنافع العامة
2017-07-31 00:00:00,57.659,129142.04282999999,Public Utilities,المنافع العامة
2017-08-31 00:00:00,67.096,256047.936,Public Utilities,المنافع العامة
2017-09-30 00:00:00,258.124,1407826.577,Public Utilities,المنافع العامة
2017-10-31 00:00:00,141.897,511371.75,Public Utilities,المنافع العامة
2017-11-30 00:00:00,120.027,411624.6855,Public Utilities,المنافع العامة
2017-12-31 00:00:00,160.619,818294.8829099961,Public Utilities,المنافع العامة
2018-01-31 00:00:00,142.791,531382.211,Public Utilities,المنافع العامة
2018-02-28 00:00:00,117.446,348034.294,Public Utilities,المنافع العامة
2018-03-31 00:00:00,140.085,436688.2925,Public Utilities,المنافع العامة
2018-04-30 00:00:00,146.192,480891.11569999997,Public Utilities,المنافع العامة
2018-05-31 00:00:00,135.269,478057.0007,Public Utilities,المنافع العامة
2018-06-30 00:00:00,63.101,114721.59748000001,Public Utilities,المنافع العامة
2018-07-31 00:00:00,87.838,180424.93836,Public Utilities,المنافع العامة
2018-08-31 00:00:00,166.137,793538.904029997,Public Utilities,المنافع العامة
2018-09-30 00:00:00,311.331,1384111.82417999,Public Utilities,المنافع العامة
2018-10-31 00:00:00,165.839,441496.364189999,Public Utilities,المنافع العامة
2018-11-30 00:00:00,153.701,390690.16683999903,Public Utilities,المنافع العامة
2018-12-31 00:00:00,163.984,519816.385489998,Public Utilities,المنافع العامة
2019-01-31 00:00:00,260.883,1040591.10809,Public Utilities,المنافع العامة
2019-02-28 00:00:00,170.575,486098.323939998,Public Utilities,المنافع العامة
2019-03-31 00:00:00,208.404,593100.085009998,Public Utilities,المنافع العامة
2019-04-30 00:00:00,210.882,693245.273059997,Public Utilities,المنافع العامة
2019-05-31 00:00:00,126.153,338580.8786,Public Utilities,المنافع العامة
2019-06-30 00:00:00,110.241,158873.2729,Public Utilities,المنافع العامة
2019-07-31 00:00:00,138.335,250216.96181,Public Utilities,المنافع العامة
2019-08-31 00:00:00,291.7,1248276.3060599999,Public Utilities,المنافع العامة
2019-09-30 00:00:00,402.757,1451716.48190999,Public Utilities,المنافع العامة
2019-10-31 00:00:00,255.97,491252.675739997,Public Utilities,المنافع العامة
2019-11-30 00:00:00,234.011,418330.476259999,Public Utilities,المنافع العامة
2019-12-31 00:00:00,259.84,591583.2646099989,Public Utilities,المنافع العامة
2020-01-31 00:00:00,313.077,1038907.53215,Public Utilities,المنافع العامة
2020-02-29 00:00:00,267.613,561335.4931899969,Public Utilities,المنافع العامة
2020-03-31 00:00:00,142.578,302522.165659999,Public Utilities,المنافع العامة
2020-04-30 00:00:00,35.74,71887.94017,Public Utilities,المنافع العامة
2020-05-31 00:00:00,56.665,159295.85043000002,Public Utilities,المنافع العامة
2020-06-30 00:00:00,126.504,355009.14684,Public Utilities,المنافع العامة
2020-07-31 00:00:00,128.824,217904.98504,Public Utilities,المنافع العامة
2020-08-31 00:00:00,323.794,1312220.485,Public Utilities,المنافع العامة
2020-09-30 00:00:00,264.327,697612.46,Public Utilities,المنافع العامة
2020-10-31 00:00:00,190.583,288034.655,Public Utilities,المنافع العامة
2020-11-30 00:00:00,191.754,272593.93114999996,Public Utilities,المنافع العامة
2020-12-31 00:00:00,222.382,408173.564,Public Utilities,المنافع العامة
2021-01-31 00:00:00,293.559,916459.3574199949,Public Utilities,المنافع العامة
2021-02-28 00:00:00,202.434,417978.47203999903,Public Utilities,المنافع العامة
2021-03-31 00:00:00,235.638,410436.46174999897,Public Utilities,المنافع العامة
2021-04-30 00:00:00,200.039,381375.086,Public Utilities,المنافع العامة
2021-05-31 00:00:00,171.512,272336.05563,Public Utilities,المنافع العامة
2021-06-30 00:00:00,217.334,239725.72136000003,Public Utilities,المنافع العامة
2021-07-31 00:00:00,172.442,174681.09168,Public Utilities,المنافع العامة
2021-08-31 00:00:00,458.142,1589381.99013999,Public Utilities,المنافع العامة
2021-09-30 00:00:00,500.056,728702.53,Public Utilities,المنافع العامة
2016-01-31 00:00:00,200.472,133130.11565,Others,أخرى
2016-02-29 00:00:00,195.875,135637.97961,Others,أخرى
2016-03-31 00:00:00,222.252,149672.74969,Others,أخرى
2016-04-30 00:00:00,203.36,131708.80295,Others,أخرى
2016-05-31 00:00:00,249.859,164624.534,Others,أخرى
2016-06-30 00:00:00,236.078,148408.65287,Others,أخرى
2016-07-31 00:00:00,216.565,124527.11708,Others,أخرى
2016-08-31 00:00:00,249.355,162533.90224,Others,أخرى
2016-09-30 00:00:00,223.205,121228.45878,Others,أخرى
2016-10-31 00:00:00,290.737,171268.59197,Others,أخرى
2016-11-30 00:00:00,287.844,162539.5706,Others,أخرى
2016-12-31 00:00:00,301.281,156327.72715,Others,أخرى
2017-01-31 00:00:00,299.746,143962.59047,Others,أخرى
2017-02-28 00:00:00,279.644,126816.13418000001,Others,أخرى
2017-03-31 00:00:00,347.563,149188.20882,Others,أخرى
2017-04-30 00:00:00,346.609,152388.97988,Others,أخرى
2017-05-31 00:00:00,384.963,256423.80718,Others,أخرى
2017-06-30 00:00:00,213.654,179123.12741999998,Others,أخرى
2017-07-31 00:00:00,279.516,230824.00009000002,Others,أخرى
2017-08-31 00:00:00,315.924,255379.88291999997,Others,أخرى
2017-09-30 00:00:00,263.827,206282.4498,Others,أخرى
2017-10-31 00:00:00,351.317,277621.7601,Others,أخرى
2017-11-30 00:00:00,352.999,261556.7437,Others,أخرى
2017-12-31 00:00:00,384.995,300164.13018,Others,أخرى
2018-01-31 00:00:00,441.777,253704.74,Others,أخرى
2018-02-28 00:00:00,450.652,234069.7191,Others,أخرى
2018-03-31 00:00:00,522.125,272475.44789999997,Others,أخرى
2018-04-30 00:00:00,518.929,244779.84780000002,Others,أخرى
2018-05-31 00:00:00,539.364,231746.5748,Others,أخرى
2018-06-30 00:00:00,451.125,166583.14113,Others,أخرى
2018-07-31 00:00:00,571.314,206824.67172,Others,أخرى
2018-08-31 00:00:00,563.296,174771.37367,Others,أخرى
2018-09-30 00:00:00,636.304,198704.78741,Others,أخرى
2018-10-31 00:00:00,717.948,229654.33669,Others,أخرى
2018-11-30 00:00:00,750.988,222222.11044999998,Others,أخرى
2018-12-31 00:00:00,798.123,242290.73662,Others,أخرى
2019-01-31 00:00:00,846.109,247940.16429,Others,أخرى
2019-02-28 00:00:00,861.438,217098.33177000002,Others,أخرى
2019-03-31 00:00:00,1071.022,254102.07516,Others,أخرى
2019-04-30 00:00:00,1139.29,276485.29377999995,Others,أخرى
2019-05-31 00:00:00,1219.179,281471.5487,Others,أخرى
2019-06-30 00:00:00,1130.382,223566.038109999,Others,أخرى
2019-07-31 00:00:00,2071.721,314884.808319997,Others,أخرى
2019-08-31 00:00:00,1798.428,266155.97253,Others,أخرى
2019-09-30 00:00:00,2077.06,302783.536769999,Others,أخرى
2019-10-31 00:00:00,2261.268,335497.149989999,Others,أخرى
2019-11-30 00:00:00,2135.968,309679.510859999,Others,أخرى
2019-12-31 00:00:00,2137.213,316192.791979999,Others,أخرى
2020-01-31 00:00:00,2070.889,295711.301669999,Others,أخرى
2020-02-29 00:00:00,2074.106,282305.301609999,Others,أخرى
2020-03-31 00:00:00,1655.622,248637.89218,Others,أخرى
2020-04-30 00:00:00,969.376,153411.73505000002,Others,أخرى
2020-05-31 00:00:00,1243.356,217155.162459999,Others,أخرى
2020-06-30 00:00:00,1924.59,393433.81521,Others,أخرى
2020-07-31 00:00:00,2411.298,293915.746429999,Others,أخرى
2020-08-31 00:00:00,2539.979,296228.5989,Others,أخرى
2020-09-30 00:00:00,2748.459,336781.514,Others,أخرى
2020-10-31 00:00:00,2543.8,303819.76,Others,أخرى
2020-11-30 00:00:00,2356.332,287684.61040999903,Others,أخرى
2020-12-31 00:00:00,2526.808,301411.973,Others,أخرى
2021-01-31 00:00:00,2675.88,301858.089269999,Others,أخرى
2021-02-28 00:00:00,2632.933,285368.5222,Others,أخرى
2021-03-31 00:00:00,3175.12,367813.158999999,Others,أخرى
2021-04-30 00:00:00,3188.593,335189.407,Others,أخرى
2021-05-31 00:00:00,3286.966,327435.69330999797,Others,أخرى
2021-06-30 00:00:00,3657.443,364087.47805999796,Others,أخرى
2021-07-31 00:00:00,3766.241,348391.605869999,Others,أخرى
2021-08-31 00:00:00,4019.038,382328.453029997,Others,أخرى
2021-09-30 00:00:00,3982.287,370192.97,Others,أخرى
